,Label,charge,hydrophicity,mass,pI value,polarity
AAQKSFRIKQKMAKAKKQNRPLPQWIRLRTNNTIRYNAKRRNWRRTKMNI,pos,17.0,64.72,7085,5.52496337891,918.73
ACMSHTWGERNL,pos,0.5,12.72,1601,5.52496337891,165.66
ADIKRCVVDVKLSKPCTFQECIPLCFQRYNGNGVCTGKKNEICTCAYNC,pos,3.0,65.17,6336,5.51812744141,580.58
ADPSFPLSGQLYYP,pos,-1.0,22.45,1787,5.95501708984,56.78
AEEMGKGEVTISLRCKTKTECLKNIACEACVDCRCDKGICKCHGFTAETNNPTV,pos,0.5,61.2,6801,5.49505615234,872.01
AISCGQVSSAIGPCLSYARGQGSAPSAGCC,pos,1.0,30.63,3321,5.51812744141,80.57
AKCFITGKKKSFGNTRSHAMNASRRDWKANLQKVRILVDGKPKRVWVSARALKSGKVKRV,pos,16.5,75.77,7864,5.49505615234,1078.64
AKKRKKKTYTKPKKIKHKHKKVKLAVLQFYKVDDATGKVTRLRKECPNHDCGAGTFMANHFDRHYCRKCRLTYVYNQKA,pos,21.5,104.8,10790,5.57000732422,1723.0
AKKRKKKTYTKPKKQKHKHKKVKLAVLQFYKVDDATGKVTRLRKECPNADCGAGTFMANHFDRHYCGKCGLTYVYNQKA,pos,19.0,100.15,10541,5.57000732422,1570.78
AKQSMKAREVKRVALADKYFAKRAELKAIISDVNASDEDRWNAVLKLQTLPRDSSPSRQRNRCRQTGRPHGFLRKFGLSRIKVREAAMRGEIPGLKKASW,pos,15.5,123.2,13218,5.52496337891,1840.44
AKRTKKVGIVGKYGTRYGASLRKMVKKIEISQHAKYTCSFCGKTKMKRRAVGIWHCGSCMKTVAGGAWTYNTTSAVTVKSAIRRLKELKDQ,pos,20.0,110.82,11752,5.52496337891,1409.75
AKTIKITQTRSAIGRLPKHKATLLGLGLRRIGHTVEREDTPAIRGMINAVSFMVKVEE,pos,7.0,72.74,7429,4.59930419922,933.29
ALSFLFLFLFVAQEIVVTEANTCEHLADTYRGVCFTDASCDDHCKNKAHLISGTCHNFKC,pos,-1.0,75.96,7754,5.51812744141,762.4
ARHGSCNYVFPAHKCICYF,pos,3.0,29.6,2538,5.52496337891,219.91
ARSVPLVSTIFVFLLLLVATGPSMVAEARTCESQSHKFKGPCASDHNCASVCQTERFSGGHCRGFRRRCFCTTHC,pos,7.0,86.57,9531,5.51812744141,916.72
ATGPSMVAEARTCESQSHKFKGPCASDHNCASVCQTERFSGGHCRGFRRRCFCTTHC,pos,6.0,54.71,7240,5.51812744141,854.52
ATKVKAKQRGKEKVSSGRPGQHN,pos,6.5,20.23,2885,5.52496337891,470.29
AVPKKKMSKSRRNSRKSNWKKKVLKKVLFALSLGKSFEANTNVNFSFGDKLPQ,pos,13.0,68.05,6997,5.52496337891,885.25
AVPKKRKSKMKTRLRKAQWKSEASREAAKALSKAKTVIKSLLAANSANLESNSENSN,pos,11.0,59.93,7257,5.52496337891,998.69
AVPKKRTSKSKTRIRKAIWKNKANKSALRAFSLAKSILTNRSKSFYYTINDKLLNSSKSISTSKLDES,pos,15.0,82.69,8904,5.24005126953,1092.9
AVQQNKPTRSKRGMRRSHDALTAVTSLSVDKTSGEKHLRHHITADGYYRGRKVIAK,pos,11.0,57.47,7298,8.75006103516,1074.9
AVQQRRSSKHRRDKRRSHDALTAQALSVCQKCGKKKLFHRVCSCGMYGDLRVKKAY,pos,14.5,61.7,7474,5.52435302734,1126.19
CIKNGNGCQPNGSQGNCCSGYCHKQPGWVAGYCRRK,pos,5.5,38.23,4501,8.75006103516,349.07
DCKHPVGPYTDSCFTDCVSGKYGYNYESAFCSRDETGTCKICCCELINE,pos,-3.5,60.18,6315,4.59930419922,657.61
DCLSGRYKGPCAVWDNETCRRVCKEEGRSSGHCSPSLKCWCEGC,pos,1.5,50.94,5666,5.51812744141,724.34
DCLSGRYRGSCAVWHRKKCVDICQREGRTSGHCSPSLKCWCEGC,pos,5.0,51.67,5731,5.51812744141,726.84
DEKGPKWKR,pos,2.0,13.68,1286,9.75006103516,294.79
DKLIGSCVWGAVNYTSDCNGECKRRGYKGGHCGSFINVNCWCET,pos,1.5,51.38,5601,5.18499755859,524.84
DKLIGSCVWGAVNYTSNCNAECKRRGYKGGHCGSFANVNCWCET,pos,2.5,49.3,5572,5.18499755859,487.37
DKLIGSCVWGAVNYTSNCNAECKRRGYKGGHCGSFLNVNCWCQT,pos,3.5,49.93,5613,5.18499755859,441.44
DRCSQQCQHHRDPDRKQQCMRECRRH,pos,4.5,22.53,3784,6.74114990234,716.48
DRCSQQCQHHRDPDRKQQCMRECRRHQGRSD,pos,4.5,24.21,4417,4.29937744141,814.38
EDPYRFFE,pos,-2.0,13.97,1227,4.59930419922,196.41
EDRSKLIPIGPCSKIANCNQTCIESQFLGGKCIKWYPDSIKETCACLVKPSITHV,pos,2.5,79.24,7033,5.49505615234,680.68
EESSMNIDAQRRPWCPSKKQVFGGSCGNDGAQQCLNNLLSTWDPSVRLSPVSCNCTPQPNNNILCSCPNMICP,pos,0.0,86.37,9244,5.95501708984,578.16
EKARHGSCNYVFPAH,pos,2.0,18.54,1966,6.74114990234,264.79
ELCEKASKTWSGNCGNTGHCDNQCKSWEGAAHGACHVRNGKHMCFCYFNC,pos,3.0,52.26,6401,5.51812744141,695.79
ENCGRQAG,pos,0.0,4.2,959,5.52496337891,110.28
EQCGRQAGGKLCPNNLCCSQWGWCGSTDEYCSPDHNCQSNCKD,pos,-1.5,42.53,5478,4.29937744141,482.05
ESVIEPAKYGACLFLCDARRDDHACFYDCTNVAIYRTGHCVGNPPRCCCIRG,pos,1.0,70.19,6696,5.52496337891,710.76
EVLVAPVIETAQNDVCFVPCTSRYGHYECAFDCMHKRYKDGGCVHGRCCCKT,pos,1.5,66.99,6756,5.18499755859,767.87
FFKKLFLRASNIMIKSISEGKSQFSGPALSPNIDPADEHIGHSPEDMKIIFCQQCAFHCIEKKKNIAHCENSICRCTLEDIL,pos,2.0,116.62,10715,5.52496337891,1231.73
GATIKKCVVDVKLSKPCTFQECQPLCLQKYNGNGLCPGDDNNICACVYNC,pos,1.0,64.61,6289,5.51812744141,474.6
GFSPNLPGKGLRIS,pos,2.0,18.8,1675,5.24005126953,112.78
GKIPINAIRKGAKAVGHGLRALNIASTAHDIASAFHRKRKH,pos,10.0,51.03,5098,6.74114990234,718.07
GKIPVEALKKGAKVAGRAWRALDLASTAYDIAHLFDRKRN,pos,5.5,53.35,5105,5.52496337891,693.82
GKKLFVNVLDKIRCKVAGGC,pos,4.0,28.34,2488,5.51812744141,298.79
GKKSKATKKRLAKLDNQNSRVPAWVMLKTDREVQRNHKRRHWRRNDTDE,pos,11.0,53.1,6841,4.59930419922,1215.67
GKRKKKGKLGKKRDP,pos,8.0,19.02,1974,5.95501708984,493.23
GPLQLSWNYNYGAAGK,pos,1.0,20.09,2007,8.75006103516,69.26
GSCNYVFPAHKCICYF,pos,1.5,27.01,2120,5.52496337891,116.31
GSVPLVSTIFVFLLLLVATGPSMVAEARTCESQSHKFKGPCASDHNCASVCQTERFSGGHCRGFRRRCFCTTHC,pos,6.0,84.95,9343,5.51812744141,864.72
GVGYKVVVTTTAAADDDDVV,pos,-3.0,21.19,2335,5.49505615234,219.67
HDSECLKEYGGDVGFGFCAPKIFPTICYRNCQKDKGANGGKCLWGEGGKVKCLCDFCSNESFNQFISLT,pos,0.5,87.82,8782,5.18499755859,867.89
HGSCNYVFPAHK,pos,2.0,16.15,1556,8.75006103516,162.88
HGSCNYVFPAHKCIC,pos,2.0,22.34,1929,5.51812744141,165.95
HPLKQYWWRPSI,pos,2.5,24.38,1807,5.52496337891,167.87
HTPTPTPICKSRSHEYKGRCIQDMDCNAACVKESESYTGGFCNGRPPFKQCFCTKPCKRERAAATLRWPGL,pos,7.0,89.44,9218,5.52496337891,1055.57
HVCLMSFGSSYRVGVHITHEKVAACPRQNQRLYSCDSLRILYHYSCLTTRDLLYICDCSDFENIICLIRLLLNLDFVEVKLV,pos,2.0,117.26,10989,5.49505615234,1034.49
IDVHDAMCYRSECTSVCDQICLSHGYTNGWYCGTFRLHTGCCCLKKKELNQIISPSKN,pos,2.5,72.57,7594,5.52496337891,735.54
IEPSLVILARKYKCDKMICRKCYARLHPRAVNCRKKKCGHSNNLRPKKKLLK,pos,16.0,78.28,7062,8.75006103516,1083.89
IIEPSLALLASKYNCEKKICRKCYARLPPRATNCRKKKCGHTSQLRPKKKPKN,pos,14.5,75.49,7041,5.52496337891,999.04
IIEPSLMALARKYNQAKMICRKCYARLHPRAVNCRKKKCGHSNQLRPKKKIK,pos,16.0,74.81,7033,8.75006103516,999.84
IIIQYEGHKH,pos,1.0,16.27,1398,6.74114990234,208.2
ILGIITSLLKSL,pos,1.0,20.08,1467,5.52496337891,56.75
IPRGWQEPCFCPSKNPYCDCGDDLQVPTTSVISPKPIIEQCARCERNSQCNKVCPATCKYKVCIFNRTCEFSTCHCYRC,pos,3.5,109.73,10412,5.51812744141,967.91
IQNSETSVNQNSCMPNEPRCTGCPGGGSGGYRGPPPPCCKNDSDCKAHCPEGGYCSNQCDCVCNLVKVMNNDVRCQVDTDCNMKCSKQGYCKLAS,pos,0.5,99.85,11787,5.24005126953,1013.81
IRLEKARHGSCNYV,pos,2.5,17.39,1878,5.49505615234,263.86
IRLEKARHGSCNYVFPA,pos,2.5,23.84,2247,5.57000732422,265.79
IRLEKARHGSCNYVFPAHK,pos,4.0,26.35,2548,8.75006103516,366.89
ITVQADCIGPCNDDCQQLCKSKGYTDWTCASFRTKSSCCCKPPRHQIFEQNAQLNN,pos,1.5,64.3,7283,5.52496337891,636.64
IVMKSSNSKERTYPVTPALNPLTGQHSLRQRQLIFCDECANACFRRKKPVRSCQRFICRCAIRDVGY,pos,9.5,86.59,8941,5.52435302734,960.11
KAGLAFPVGRVHRLLRK,pos,5.5,24.47,2204,8.75006103516,310.14
KARHGSCNYVFPAHK,pos,4.0,19.51,1965,8.75006103516,264.38
KARHGSCNYVFPAHKCICYF,pos,4.0,31.24,2684,5.52496337891,269.41
KDDKFICVVEYGGDVGPTFCNPKFFPTLCRQNCRSFKGAKGGKCVKQPKHKHIKCFCDYCKDD,pos,7.0,89.48,8288,4.29937744141,1089.21
KGIGSALKKGGKIIKGGLGALGAIGTGQQVYE,pos,4.0,36.27,3625,4.59930419922,311.49
KICERASGTWKGICIHSNDCNNQCVKWENAGSGSCHYQFPNYMCFCYFDC,pos,1.0,65.13,6639,5.51812744141,542.57
KICERASGTWKGICIHSNDCNNQCVKWENAGSGSCHYQFPNYMCFCYFNC,pos,2.0,64.56,6638,5.51812744141,505.25
KQLKTCTSVIKLGHPCDIESCLNECFRVYNTGFATCRGDKYSQLCTCEYNC,pos,1.5,61.8,6682,5.51812744141,636.39
KRCHLTIDKATACSLSDCRLSCYSGYNGVGKCFDDPKVAGPSNCGCIYNC,pos,2.5,60.65,6215,5.51812744141,560.14
KSMVEVNAAHKWYIVEGLCSKFPDCNKHCKEQKFPGGTCLKLGVNMMCTCIYS,pos,4.0,73.34,6901,5.24005126953,686.53
KTNFDCVNLKCPTPFVTPKCVSGGCECPLKELLTLLSDTNYGVAACIDYCKAKGENAYTCILNHCYCRKPSM,pos,2.5,97.96,9171,5.27496337891,788.84
KVPIGAIKKGGKIIKKGLGVLGAAGTAHEVYNHVRNRQ,pos,8.0,48.18,4641,5.52496337891,571.27
KWKLFKKIPKFLHLAKKF,pos,7.5,37.97,2604,5.52496337891,404.33
LEGESKVSGQVRDETPHTWYCKYDDNCRENCPGCTITKCNYGVCICSNCYHQQSDLGVESHM,pos,-2.5,68.53,8127,5.27496337891,885.28
LMDSMPQRHPVEGWCKRPLPNQKPGPCNNDRCSARCKEQKQFEFKGGKAMGICSSENRCLCTFRCR,pos,7.5,80.95,8752,9.75006103516,1059.85
LSKYGGECSKEHNTCKYLKGGKNQVVACPKAANKKCKTDRHHCEYDEYHKTVDCQTPV,pos,6.0,66.13,7592,5.49505615234,1122.1
LSKYGGECSLKHNTCTYRKGGKNQVVNCGTAANKKCKTDRHHCEYDEYHKRVDCQTPV,pos,7.0,60.56,7623,5.49505615234,1080.65
LSKYGGECSREHNTCTYLKGGKNQVVACGSAANKKCKRDRHHCEYDDYHKTVDCQTPV,pos,5.0,60.36,7553,5.49505615234,1068.48
MAAKGAREKIRLVSTAETGHFYTTDKNKRNMPEKMEIKKFDPVVRKHVIYKEAKIK,pos,9.0,76.69,7545,8.75006103516,1214.66
MAAQKSFRIKQKMAKAKKQNRPLPQWIRLRTNNTIRYNAKRRNWRRTKMN,pos,17.0,63.24,7103,5.52496337891,920.01
MADIMDIKSILYTEKSLGLQEKGVLVVQTAQNVTKNQLKEVFKTYFGFEPLKINSLKQEGKVKRFRGKLGQRKSFKKFYVKVPEGASIAALGA,pos,10.0,123.64,12098,5.57000732422,1344.46
MAEDEGYPAEVIEIIGRTGTTGDVTQVKVRILEGRDKGRVIRRNVRGPVRVGDILILRETEREAREIKSRR,pos,3.0,84.99,9337,9.75006103516,1463.16
MAERRRTNHRVSRFNYWLRIHASVQINVGHLDESGVYNGHFSTFALCGFTRAQEMLTVELTACGRKKKLNLSIDDMITSCCVLLTDLCVSSTFP,pos,5.0,113.11,12345,5.95501708984,1210.19
MAHKKGAGSTKNGRDSNAKRLGVKRFGGQRVKAGNILVRQRGMKFTPGLNVGCGKDFTLYALTDGIVNFDYKNAQQKRINIIG,pos,13.5,93.77,10519,5.52496337891,1135.33
MAHKKGASSTRNGRDSNAQRLGVKRFGGQAVNAGEILVRQRGTHFHPGTGVGRGGDDTLFALAAGAVQFGTHRGRKVVNIVPLAV,pos,11.0,84.01,10362,5.49505615234,1095.07
MAHKKGQGSTQNNRDSAGRRLGVKKFGSEFVRAGNIIVRQRGTKMHPGNNVGMGKDHTLYALIDGVVKFEHKDRNRKKVSVVSQNFGE,pos,13.0,91.86,11333,4.59930419922,1492.89
MAHKKGSGSTRNGRDSNSKRLGVKKYGGEQVTAGNILIRQRGTKVKPGQNVGKGKDDTLFALIDGFVLFEKSNQKQKTISVYSSKN,pos,12.5,88.68,10875,5.52496337891,1288.22
MAKHPVPKKKTSKSKRDMRRSHHALTAPNLTECPQCHGKKLSHHICPNCGYYDGRQVLAV,pos,12.0,73.93,7846,5.49505615234,1092.55
MAKKPWKKKYGYGIRPCQRCGHVGPGLIRKYGLNLCRQCFREIAHKLGFKKLD,pos,13.0,80.18,7121,4.29937744141,932.22
MAKKSMIERDRKRARLITKYAAKRKNLLVEIKTATSLEDKFNLHRKLQQLPRNSAPVRSHNRCTITGRPRGYFRDFGLSRHVLREYALQGFLPGVVKASW,pos,18.5,128.94,13462,5.52496337891,1767.14
MAKSSKRRPAPEKPVKTRKCVFCAKKDQAIDYKDTALLRTYISERGKIRARRVTGNCVQHQRDIALAVKNAREVALLPFTSSVR,pos,14.5,105.74,11026,9.75006103516,1484.94
MALTAEQKKEILRSYGLHETDTGSPEAQIALLTKRIADLTEHLKVHKHDHHSRRGLLLLVGRRRRLIKYISQIDVERYRSLIERLGLRR,pos,11.0,111.59,12047,9.75006103516,1838.04
MANTTSAKKATRKIARRSAVNKARRSRIRSFVRKVEEAIASGDQALAAAALKAAQPELMRPATKGVMHSNTASRKVSRLAQRVKSLSA,pos,17.5,91.37,11043,5.57000732422,1368.54
MARKSLIQREKGRLKLENKYHFIRRSSKNEISKVPSLSDKWEIYGKLESPPRNSAPTRLRRRCFYTGRPRANYRDFGLCGHILREMVNACLLPGATRSSW,pos,16.0,131.44,13521,5.52496337891,1736.09
MARKSLIQREKKRRNLEQKYHLIRRSSKQEIRKVTSLSDKWEIHGKLQSPPRNSAPARLHRRCFLTGRPRANIRDFGLSGHILREMVHTCLLPGATRSSW,pos,19.5,124.23,13549,5.52496337891,1890.85
MARSIKKGPFIEKSLYQKVLSSFGSEKRVVIKTYSRSSTIIPEMVSLTISVYNAKTFIPIYITEDLVGHKLGEFSPTRIFRGHAKSDKKGRK,pos,12.0,128.53,12050,8.75006103516,1398.96
MARSVFLVSTIFVFLLVLVATGPSMVAEA,pos,0.0,43.16,3570,5.57000732422,118.46
MARSVPLVSTIFVFFLLLVATEMGPIMVAEA,pos,-1.0,49.42,3890,5.57000732422,169.73
MARSVPLVSTIFVFLLLLVATG,pos,1.0,34.57,2723,5.52496337891,65.29
MARSVPLVSTIFVFLLLLVATGPSMVAEARTCESQSHKFKGPCASDHNCASVCQTERFSGGHCRGFRRRCFCTTHC,pos,7.0,88.24,9680,5.51812744141,918.15
MARSVPLVSTIFVFLLLLVATGPSMVGEA,pos,0.0,42.53,3520,5.57000732422,120.01
MASKASGGSTRNGRDSISKRLGVKRYDGQFVKAGNIIVRQRGTRIYPGKNVGMGSDYTLFALKDGYVYFETRRKKKFVSVLSPEEWEKVMAQKNGKVH,pos,13.5,117.41,12767,6.74114990234,1542.72
MASLKITQVRSTIGVRWKQRESLRTLGLRRIRHSVIREDNLQTRGLIAVVRHLVEVEPATGGSTPVGGGRD,pos,8.0,79.4,9137,4.29937744141,1099.15
MAVKRSTRLGCNDCREINYLTFKNVKKNPEKLALNKFCSRCRKVVVHKEVKRK,pos,12.5,69.53,7210,8.75006103516,1086.48
MAVPKAKTSKWRRNQRRAQNFFNKFRRSLPSLSVCSNCGERIIPHRVCPYCGHYKGKEVIETE,pos,11.0,82.4,8518,4.59930419922,1069.92
MDGIKYAVFTDKSIRLLGKNQYTFNVESGSTRTEIKHWVELFFGVMVIAMNSHRLPGKVKRMGPILGHTMHYRRMIITLQPGYSIPPLRKKRT,pos,13.0,131.49,12435,5.18499755859,1318.25
MDGIKYAVFTDKSIRLLGKNQYTSNVESGSTRTEIKHWVELFFGVKVIAMNSHRLPGKSRRMGPIMGHTMHYRRMIITLQPGYSIPPLRKKRT,pos,14.0,125.57,12406,5.18499755859,1372.66
MDPYKVIIRPVVTEKAISLIEKENKLTFIVDRRATKTDIKKAIEEIFNVKVEKVNTLITPKGEKKAYVKLKPEYSASEIAARLGLF,pos,6.0,130.17,11339,5.52496337891,1516.27
MDSQIKHAVVVKVMGRTGSRGQVTQVRVKFTDSDRFIMRNVKGPVREGDVLTLLESEREARRLR,pos,6.5,71.28,8466,9.75006103516,1169.3
MEKRNIRDHKRRLLATKYELRRKLYKAFCNDPALPSDMRDKHRYKLSKLPRNSSFARVRNRCISTGRPRSVYEFFRISRIVFRGLASRGPLMGIKKSSW,pos,22.0,135.33,13638,5.52496337891,1910.86
MFESTRKNIQPSDATLVITQTRGVTGSKQNHRDTLRSLGLKRIGHQVTRKADAVTVGMVNTVPHLVSVEEVNNG,pos,5.5,73.53,9401,5.52496337891,1001.31
MFLSAVFFAKSKSKNILVRMVSEAGTGFCFNTKRNRLREKLTLLHYDPVVKQRVLFVEKKKIRSL,pos,11.5,91.25,8762,5.52496337891,1040.95
MGAKKNLLAELREKSSEELDEFIRDNKKALFALRAEAALQNKVVKTHQFSLYKKSIARALIIKQEKKGRVHG,pos,9.0,91.12,9505,5.52496337891,1426.17
MGKAKGIRILITLECTECRSNTNKRSNGVSRYTTQKNRRNNPERIELKKYCPHCNKSTIHKEIK,pos,12.0,74.09,8616,8.75006103516,1222.11
MGNIRTSFVKRIAKEMIETHPGKFTDDFDTNKKLVEEFSTVSTKHLRNKIAGYITRIISQQK,pos,6.0,78.2,8289,8.75006103516,1074.23
MGRSLKKGPFVAASLLRKIDKLNDKGDKQVVKTWSRASTILPQMVGHTIAVHNGRQHVPVFVSEQMVGHKLGEFAPTRTFRSHSKSDKKARK,pos,15.5,111.37,11916,8.75006103516,1539.59
MGSFSSFGFTIFVFLLLLVATGPSMVAEARTCESQSHKFKGPCASDHNCASVCQTERFSGGHCRGFRRRCFCTTHC,pos,6.0,86.78,9687,5.51812744141,866.58
MHAIVVCGSKQYLVHENDTFFVEKLEAPVGKEIQLDKVLMLDEKIGAPYLEKARVVCVVEKHGLQRKVNVIKHISQKHHLKKYGHRQPYTKLKVVRFVHD,pos,11.0,142.22,13407,4.29937744141,1881.8
MIMGVSYHENRCHDWVDCAIWCKQWVPQPKCINRVCDCKPKSLPTNDEIPKSASSSSKN,pos,3.0,82.26,7802,5.52496337891,829.75
MIQPQTRLNVADNSGARELMCIRIIGASNRRYAHIGDIIVARRNPKGTRVFGAIAHELRELSFTKIVSLAPEVL,pos,6.0,97.1,9531,5.52496337891,999.55
MIREERLLKVLRAPHVSEKASTAMEKSNTIVLKVAKDATKAEIKAAVQKLFEVEVEVVNTLVVKGKVKRHGQRIGRRSDWKKAYVTLKEGQNLDFVGGAE,pos,9.0,123.9,12968,4.59930419922,1831.98
MIREERLLKVLRSPHVSEKASAAMEKNNTIVLKVAKDATKAEIKAAVQKLFEVEVEDVNTLLVKGKSKRHGQRVGRRSDWKKAYVTLKEGQNLDFIGGAE,pos,8.0,121.21,12999,4.59930419922,1876.13
MITKAKKAEIITRFGKSEKNTGDISVQIALLPEDIEKLKLHFEKNKKDKHSMRGFIAKVNKRKKLLNYLKEKNFASYKETIEALNIRK,pos,13.0,122.58,11844,8.75006103516,1824.48
MKAGIHPNFKKATVKCACGNEFETGSVKEEVRVEICSECHPFYTGRQKFASADGRVDRFNKKYGLK,pos,6.0,81.56,8605,8.75006103516,1178.02
MKAKEIRELTTAEIEQKIKALKEELFNLRFQLATGQLENTARIRQVRKDIARMKTIIRERELAANK,pos,6.0,82.48,8957,8.75006103516,1342.34
MKAKELREKSVEELNTELLNLLREQFNLRMQAASGQLQQSHLLKQVRRDVARVKTLLNEKAGA,pos,4.5,67.02,8381,5.57000732422,1102.83
MKANEIRDLTTAEIEQKVKSLKEELFNLRFQLATGQLENTARIREVRKAIARMKTVIREREIAANK,pos,5.0,79.42,8874,8.75006103516,1294.02
MKDPRDVLKRPVITERSADLMTEEKYTFEVDVRANKTEAKDAVESIFGVKVDKVNIMNYKGKSKRVGRYTGMTSRRRKAIVKLTADSKEIEIFEA,pos,6.0,120.05,12608,5.57000732422,1894.01
MKFFNLVLMVFAVLALMLNGTNAEPKGIGSALKRGGKIIKGGLGALGAIGTGQQVYEHVQNRQ,pos,5.5,77.31,7736,5.52496337891,548.93
MKIAFIVAISLAFLAVTSCIEFEKSTESHDIQKRGVTITVKPPFPGCVFYECIANCRSRGYKNGGYCTINGCQCLR,pos,4.5,105.59,9740,9.75006103516,807.46
MKIRASIRKICEKCRLICRRRRIIVICSNPRHKQRQG,pos,12.5,53.5,5163,5.52496337891,791.77
MKIRASVRKICENCRLIRRRRRIMVVCSNPKHKQRQG,pos,12.5,48.03,5164,5.52496337891,794.93
MKKKGGRKIFGFMVKEEKEENWGSVEFQVFSFTNKIRRLASHLELHKKDFSSERGLRRLLGKRQRLLAYLAKKNRVRYKKLISQLDIRER,pos,17.0,119.17,12471,9.75006103516,1949.64
MKLTGLFFMIMAMLALFVGAGQADPKVPIGAIKKGGKIIKKGLGVIGAAGTAHEVYSHVKNRH,pos,8.5,88.65,7698,6.74114990234,720.65
MKLTGLFLMIMAVIALFIDVGQADPKVPVGAIKKGGKAIKTGLGVVGAAGTAHEVYSHIRNRH,pos,6.5,86.05,7677,6.74114990234,714.49
MKLTGLFLMIMAVLALFVGAGQADPKVPIGAIKKGGKIIKKGLGVIGAAGTAHEVYSHVKNRQ,pos,8.0,87.28,7623,5.52496337891,671.38
MKQGIHPEYKEITATCSCGNVIKTRSTLGKDINLDVCGNCHPFYTGKQRVVDTGGRVERFNSRFKIPSTK,pos,7.0,83.43,9066,8.75006103516,1038.99
MKQTMDKPKQSFRRHFKPIRRRFKPIRRYLKPIRRHLSPIRSGDRIDYKNMSLISRFISEQGKILSGRVNRLTSKQQRLMTNAIKRARILSLLPFLYNEN,pos,23.0,139.61,13907,5.52496337891,1786.59
MKRTFQPSTLVKKRKHGFLNRNKTKNGKALLKRRFLKGRKVI,pos,16.5,54.82,5756,5.52496337891,885.64
MKSEIKKNDIVKVIAGDDKGKVAKVLAVLPKTSQVVVEGCKVVKKAIKPTDDNPKGGFIHKEKPMHISNVKKA,pos,10.0,102.78,9192,5.57000732422,1334.15
MKSNRQARHILGLDHKISNQRKIVTEGDKSSVVNNPTGRKRPAEK,pos,8.0,47.8,5882,8.75006103516,878.33
MKSSLIKNTVNKKVKFKKGDLVQILSGSDKKKTGEIIAIIHKTSKVIVKGINLKVEASKDLSKKVETGEITKFEAPIHSSNVMLFSQKNNISSRF,pos,13.0,124.08,12209,5.52496337891,1534.26
MKVFSFFCVVLAMLVLIMGGTSAAPEPKGIGKIIRKGGKVIKHGLTAIGVGAAGHEVYQDSKNSG,pos,6.0,86.8,7831,5.52496337891,674.31
MKVFSIFCVVLAMLVLIMGGTSAAPEPKGIGKIIRKGGKVIKHGLTVIGVGAAGHEVYQESKNSG,pos,6.0,88.09,7839,5.52496337891,683.45
MKVKIGLKCSDCEDINYSTTKNAKTNTEKLELKKFCPRENKHTLHKEIKLKS,pos,7.0,65.48,6977,5.24005126953,1119.16
MKVNPSVKPICDKCRLIRRHGRVMVICSDPRHKQRQG,pos,9.0,50.28,4986,5.52496337891,721.78
MKVRASVKKLCRNCKIVKRDGVIRVICSAEPKHKQRQG,pos,10.5,50.01,5025,5.52496337891,771.43
MKVRASVRKICEKCRVIKRRGRVMVICANPKHKQRQG,pos,12.5,48.84,5007,5.52496337891,784.54
MKYLLIKNKKLYKLFFKFELKRLQYKSVMLNTRLPNYIRQKAFMYINKLDKNTSYVAIKQRCFLSNNGRSVLNHFKLSRIKLRLLISNNYVNGVKKFNK,pos,22.5,148.43,13794,8.75006103516,1441.55
MLFYCVLLYGLCLRFLLFSFRYFMCPRLPSSGNRMIGCLLLLLFYSFWLLRCFFIFFLVSCFIYVVEGGGFIDLPSLRYFTRLFYFV,pos,5.0,162.28,12056,5.49505615234,516.23
MLKLRLKRCGRKQRFYDPIKNQTCLNVPAILYFLEKGAQPTRTVSDILRKAEFFKEKERTLS,pos,9.0,86.69,8478,5.24005126953,1086.39
MLRFVLVYIPVSVVSHTLCISLFIICSTRHTCFSKRYTCLLNICFCFFISSRIRNYF,pos,7.0,94.6,7777,5.52496337891,461.24
MMELIPQPRTKFLRVQCPECNNEQIVFGSPATVVKCLTCGKVLVEPRGGKGKVKAKILEILG,pos,5.0,87.6,7887,5.52496337891,797.56
MNFTGIFFMIMAIIALFIGSNEAAPKVNVNAIKKGGKAIGKGFKVISAASTAHDVYEHIKNRRH,pos,7.5,89.76,8072,6.74114990234,782.6
MNKSKRSSRRRMPPIRSGEIIDYKNISLLRRFVSEQGKILSRRMNRLTSKQQRLLTIAIKRARVLALLPFLNNEN,pos,15.0,96.65,10201,5.52496337891,1228.13
MPAGSSERARTRDLFARPFRKKGYIPLSTYLRTFKVGRLRRCQGNGAIHKGSLISSTMVVLVASGISLTCVV,pos,11.5,89.93,9153,5.49505615234,856.1
MPKLKTSKAIAKRFKVSSSGKILRHKASKSHLLQKKSSKHRRHLSSTCQVDSRDAKNISINLPYL,pos,17.0,79.15,8514,5.52496337891,1191.0
MPKMKNNKGAAKRFKKTAGGIKYKHATKRHILTKRTTKNKRQLRPNAILPKCELAAVARMLPYA,pos,19.0,85.42,8414,5.57000732422,1152.43
MPKNKSHSGASKRFKITGSGKVLRERAGKRHLLEHKSSRVTRRLTGNAEMAPGDAAKIKKLLGK,pos,15.5,70.69,8148,8.75006103516,1285.12
MPLTKDLLHPSPEEKRKHKKKRLVQSPNSYFMDVKCPRCYKITTVFSHAQTVVLCVGCSTVLCQPIGGKARLTEGCSFRRKQH,pos,13.0,108.63,10938,6.74114990234,1311.74
MPRSLKKGPFVDDHLLKKVDVQNEKNTKQVIKTWSRRSTIIPDFIGHTFAVHDGRKHVPVFVTEAMVGHKLGEFAPTRTFKGHIKDDRKAKRR,pos,14.0,124.07,12401,9.75006103516,1852.86
MPSHKSFMIKKKLGKKMRQNRPIPHWIRLRTDNTIRYNAKHRHWRRTKLGF,pos,17.0,73.95,7289,5.52496337891,1098.58
MPVKEKVGIVVSNKMQKTIVVKVESRYSHPIYSKTMTKTRKYLAHDEMGECNIGDQVLVQECRPLSKRKRWTLSKVLSKSSLVS,pos,11.0,108.56,11121,5.24005126953,1355.54
MPVPKKRTSISKKKIRKNFWKKKGYKAALKAFSLADSILTGTSKVIVL,pos,13.0,72.53,6246,5.52496337891,767.2
MQNEEGKTVDLYVPRKCSATNRIITAKDHASVQINIGHLDANGLYDGHFTTFALSGFVRAQGDADSSLDRLWQKKKAEIKQ,pos,2.5,92.61,10450,5.52496337891,1206.56
MREKWKKKRSRRLRRKRRKMRARSK,pos,16.0,30.94,3841,8.75006103516,925.16
MRKQQKIHVKIGDNVKIITGFDKNKIGKVSKIDRNTGKIIVKGINFKFKHIKPNAENEVGEIKQFEAPIHHSNVKLN,pos,12.0,107.54,10159,5.52496337891,1427.95
MRLSIILVVVMMVMAMFVSSGDAAPGKIPVKAIKKGGQIIGKALRGINIASTAHDIISQFKPKKKKNH,pos,11.0,99.9,8482,6.74114990234,823.65
MRMGRVHYPTYRIVAVDSRVKRDGKYIALIGHLNPALKENKCKIDEAVALEWLNKGAKPTDTVRSLFSQTGLWKKFVESKKKPVAKSK,pos,13.0,122.35,11596,8.75006103516,1524.46
MRPRSRAGDKFMSQGQELCHEYFQLTAPCEKQPCIDMCSSKYKTGKGVCGPAVHQCFCTFSCTV,pos,4.0,77.49,8283,5.49505615234,798.82
MRPYEIMVILDPTLDERTVAPSLETFLNVVRKDGGKVEKVDIWGKRRLAYEIAKHAEGIYVVIDVKAAPATVSELDRQLSLNESVLRTKVMRTDKH,pos,2.0,130.38,12632,6.74114990234,1650.71
MRVKITLICSSCGNKNYISSKNKATHPEKVETMKFCPKERIVTLHREG,pos,7.0,61.76,6347,5.52496337891,843.05
MRVLFLYGLCVRFLYFCLVLYFSPRLPSSGNRRCLYAICYMFNILWFFCVFCCVCFLNHLLFIVEGGGFIDLPGVKYFSRFFLNA,pos,5.5,151.59,11589,5.57000732422,567.66
MRVNITLACTECGERNYITSKNKRNNPERLELKKYCPRDRKVTLHRETK,pos,7.5,58.22,6765,8.75006103516,1044.27
MRVSSSIKADPSKGDKLVRRKGRLYVINKKDPNRKQRQAGPARKK,pos,13.0,54.78,5949,8.75006103516,961.47
MSKNLFMDLSSISEKEKGSVEFQIFRLTNRVVKLTYHFKKHGKDYSSQRGLWKILGKRKRLLAYLFKTNFVSYENLIIQLGIRGLKKN,pos,14.0,122.28,11982,5.52496337891,1405.89
MSLDAAVKKQIITEFGTKEGDTGSPEVQVALLSRRISDLTEHLKTHKHDHHSRRGLLILVGQRRRLLQYLAKKDIQRFRALVERLGIRRGAAGAR,pos,12.5,111.24,12470,9.75006103516,1780.57
MSQERLLKVLKAPHISEKATNNAEKSNTIVFKVALDANKVEITNAVEQLFEVKVDSVRTVVVKGKTKRRGAKIGRRSDWKKAYVTLQEGQSLDFVEGAAE,pos,6.5,117.98,12911,4.59930419922,1683.3
MSRSSKKGAFVDAHLLKKVIEMNKQAKKKPIKTWSRRSTIFPEFVGNTFSVHNGKTFINVYVTDDMVGHKLGEFSPTRNFKQHTANR,pos,13.0,108.77,11533,9.75006103516,1400.93
MSRSSKKGAFVEASLYKKVLDMNAQQKKKIIKTWSRRSTIFPDFVGHTFAVHNGKKFINVYVTEDMIGHKLGEFSPTRTFKGHSSNR,pos,13.0,110.0,11515,9.75006103516,1395.9
MTKGDTKVMKCVLEVISDSLSKPSPMPVSPECLETLQGDERILSVLRHQNL,pos,-0.5,64.44,6548,5.52496337891,718.41
MTKRTLSNKTRYSILKLSGFRARMSTAQGRKTLKARRKKGRKQLAVRR,pos,18.0,50.87,6475,9.75006103516,948.77
MTVIRLTRIGRKKKPFYRVVVTDSRKRRDGGWIESIGYYNPLSEPKDIKIDKERLNYWKGVGAKMSERVEKLSQKA,pos,11.0,106.12,10311,5.57000732422,1470.54
MVKLRLKRCGRKQRAVYRIVAIDVRSRREGRDLRKVGFYDPITNQTYLNLPAILDFLKKGAQPTRTVHDISKKAGIFTELNLNKTKLN,pos,14.5,116.88,11781,5.52496337891,1482.4
MVKLRLKRYGRKGQVTYRIVAMNNLSRRDGKAIEELGFYNPRTNESSLNIANIKRRIEQGAQPTNTVRYILAKANIL,pos,11.0,95.64,10250,5.52496337891,1124.15
MVKNSVISVISQEEKRGSVEFQVFNFTNKIRRLTSHLELHKKDYLSQRGLKKILGKRQRLLAYLSKKNRVRYKELINQLDIRETKTR,pos,15.0,109.93,11981,9.75006103516,1664.88
MVLPKDVKWDLIRQFQRHEQDTGSPEVQIAILTERINRLTEHMKKHKKDIHSRRGLIAMVNKRRKLLEYLRETDYAKYLEVVQKLNLKVK,pos,11.0,123.24,12496,8.75006103516,1880.53
MVLSSDIDLLNPPAELEKTKHKRKRLVQSPNSFFMDVKCQGCFNITTVFSHSQTVVMCGSCSSVLCTPTGWPRRLTEGCSFRRKSD,pos,6.0,104.51,11189,4.29937744141,1104.61
MVNGQCSFPQPVGPNGKCVPKDCKSLCHKKYKGGSICTTGKPNICMCLVCRRRSPEV,pos,8.5,74.81,7186,5.49505615234,699.74
MVRSRWKGIYVAKELQNYNTVTNPTIVTTERSSVIVPYYLTKTIYVYNGRKYVGVKITEKSLGRKLGEYVLTKKVEKYKASGKSKKK,pos,15.0,118.01,11607,8.75006103516,1319.67
MVTIRLARHGAKKRPFYQVVVADSRNARNGRFIERVGFFNPIASEKEEGTRLDLDRIAHWVGQGATISDRVAALIKEVNKAA,pos,7.0,102.93,10638,5.57000732422,1327.06
MVTIRLARHGAKKRPFYQVVVTDSRNARNGRFIERVGFFNPIASEKEEGTRLDLDRIAHWVGQGATISDRVAALIKEVKKAA,pos,8.0,103.68,10682,5.57000732422,1374.84
MYKDRDTNQRDSRFENQQDGFKKNSNFRFFKRKSCKFCDSGKHPDYKDFDFLKKFITEQGKILPKRITGTSAKHQRRLALEIKRARYMALLPFVKK,pos,16.0,127.35,13311,8.75006103516,1958.97
MYKLKTRKAAAKRYKAVGNKKISRRKAFRSHLLQKKSTNRKRQLSQVVIASPGDTKKIYLMLPYL,pos,19.5,87.52,8750,5.52496337891,1147.28
MYNYYNPASLITHGFGVHRFIFRRISNKAIEFIQV,pos,4.0,54.55,4811,5.49505615234,387.98
NIMTKSISQVKSQFFSPALSPNVDPADEHIGHSPDDMKIIFCQQCAFHCIEKKKNIGNCENSICRCTLEDIL,pos,-0.5,96.55,9352,5.52496337891,975.27
NKLIGSCVWGAVNYTSDCNGECKRRGYKGGHCGSFANLNCWCQT,pos,3.5,48.16,5571,5.18499755859,441.31
NLCERASLTWTGNCGNTGHCDTQCRNWESAKHGACHKRGNWKCFCYFNC,pos,4.5,52.37,6471,5.51812744141,654.8
NTGCFDYDVYQPCDHCRERCLKYYPVTRKAICRKNHCVCIGPCPDDKAIPDVKLFKNVKEQILS,pos,4.0,94.93,8578,5.24005126953,1053.23
NYVFPAHKCICYF,pos,1.5,25.32,1819,5.52496337891,113.18
PSMVAEARTCESQSHKFKGPCASDHNCASVCQTERFSGGHCRGFRRRCFCTTHC,pos,6.0,53.67,6957,5.51812744141,852.86
PVIKVRENEPFDVALRRFKRSCEKAGVLAEVRRREFYEKPTTERKRAKASAVKRHAKKLARENARRTRLY,pos,14.5,88.66,9601,5.52435302734,1693.36
QCIRLEKAR,pos,2.0,11.72,1259,9.75006103516,209.0
QEMCRDILMKAKNCDEGTCDTLCKQKWKGNGSCFPNVYTYRKSCLCTFPCKT,pos,4.0,65.73,6903,5.18499755859,726.61
QIITCLPGECTNPSECNAACKSNGYKGGACVSMSIGSTTGACCCKPNFKSQDSFKSNDIIINNN,pos,1.0,69.81,7767,5.52496337891,504.46
QKLCERPSGTWSGVCGNNNACKNQCINLEK,pos,2.0,30.86,3814,8.75006103516,339.98
QKLCERPSGTWSGVCGNNNACKNQCINLEKARHGSCNYVFPAHKCICYFPC,pos,5.0,64.69,6588,5.51812744141,562.93
QKLCQRPSGGWSGVCGNNNACKNQCIRLEKARHGSCNYVFPAHKCICYFPC,pos,7.0,64.81,6585,5.51812744141,563.51
QKLCQRPSGTWSGVCGNNNACKNQCIRLEKARHGSCNYVFPAHKCICYFPC,pos,7.0,64.78,6629,5.51812744141,565.17
QKLCQRPSGTWSGVCGNNNACKNQCIRLEKARHGSCNYVPAHKCICYFPC,pos,7.0,61.91,6464,5.51812744141,564.82
QKLCQRPSGTWSGVCGNNNACKNQCRRLEKARHGSCNYVFPAHKCICYFPC,pos,8.0,62.48,6672,5.51812744141,617.02
QPLEEMVECKEVLWPEECKYDACAFACALKRHGKGGCLEGPDYRSACICQYACKRS,pos,-0.5,75.57,7301,5.24005126953,923.61
QQCGRQASGRLCGNRLCCSQWGYCGSTASYCGAGCQSQCR,pos,4.0,32.83,4936,9.75006103516,260.47
QQMCEAKSLDWKGMCLKWRNCRQVCISEGFTDGRCKGFTRKCICSKPCFVLPN,pos,6.0,71.32,7064,5.52496337891,736.76
QRRKCDEKIVLQFCNGRNRCYEYCDTKECVAACKKKRNGEGICNGDVFSVSAQCLCLYKC,pos,5.0,73.21,7947,5.51812744141,979.65
QTCASRCPRPCNAGLCCSIYGYCGSGAAYCGAGNCRCQCRG,pos,4.0,42.86,4901,5.52496337891,251.68
RDCTSQSHKFVGLCLSDRNCASVCLTEYFTGGKCDHRRCVCTKGC,pos,4.0,47.32,5776,5.51812744141,667.67
RECKAQGRHGTCFRDANCVQVCEKQAGWSHGDCRAQFKCKCIFEC,pos,4.0,50.57,5925,5.51812744141,776.4
RECQSQSHRYKGACVHDTNCASVCQTEGFSGGKCVGFRGRCFCTKAC,pos,5.0,44.9,5930,5.51812744141,640.58
RELAGVNEIFEIAARSSNNAGTARALQQAPPCKRDVDCSFECPKGGFCNDRLGTCDCF,pos,-1.0,65.43,7273,5.52496337891,767.16
RELTGAGKKLEVATRSSNYAGTARTLLQARPCQRDVDCNFQCPRIQGGQCNNHHGTCDCF,pos,4.0,57.76,7653,5.52496337891,795.37
REMAKEEVNCIGGHCPDGKKDCNCLPLIAPTMDIYETNESCRTDNECIKYCPKGCKIVDCNFGTCLCEYC,pos,-3.5,92.74,9067,5.51812744141,1064.92
REMVKAEVNCIGGKCPEGKKNCNCMPPIAHVMDDIRPCNTDGDCYKFCPRECELGTCYCRCDYGCTCTC,pos,-0.5,90.05,8912,5.51812744141,1019.41
RETRMMEQTCPVFWPMVPCDANKCEQMCRDYYGSVPSYCNRIGTPIAECACSLTPC,pos,-1.0,76.35,7370,5.51812744141,599.31
RIKRFWPVVIRTVVAG,pos,4.0,28.36,2165,5.52496337891,212.01
RIKRFWPVVIRTVVAGY,pos,4.0,31.03,2346,5.52435302734,213.62
RILSILRHQNLLKE,pos,2.5,20.02,1965,4.59930419922,265.69
RLEKARHGSCNYVF,pos,2.5,17.11,1912,5.52496337891,264.06
RLEKARHGSCNYVFPAHK,pos,4.0,23.2,2417,8.75006103516,366.74
RLEKARHGSCNYVFPAHKCI,pos,4.0,27.87,2669,5.52496337891,368.35
RMCKTPSAKFKGYCVSSTNCKNVCRTEGFPTGSCDFHITSRKCYCYKPCP,pos,7.5,64.82,6511,5.95501708984,644.34
RQMQRPQNVECVGGECQPKHPQQYFGSCFRDSDCRNSCFPYCRYQKCHHHECICSLCSSEVAPSPK,pos,4.0,79.17,8817,8.75006103516,971.48
RQVCDYDKGECNSYEKSSTCIEPCKQLDSKFIGGRCIPVGGITGMGLCVCCRDVQRGAEKESM,pos,0.0,73.39,7992,5.27496337891,916.78
RSNGIYDPMCPGVCGNLVKPDCNGLCHELGFPAGGYCKPGNTCCCKKKDSGPVDVPPTA,pos,1.5,77.37,7123,5.57000732422,615.33
RSVCRQIKICRRRGGCYYLCTNRPY,pos,7.0,34.31,3494,5.52435302734,384.87
RTCESKSHRFKGPCVSTHNCANVCHNEGFGGGKCRGFRRRCYCTRHC,pos,10.0,47.74,6170,5.51812744141,855.03
RTCESQSHKFKGPCFSDSNCATVCRTENFPRGQCNQHHVERKCYCERSC,pos,4.5,49.62,6557,5.51812744141,855.46
RTCESQSHKFKGPSASDHNCASVCQTERFSGGRSRGFRRRCFCTTHC,pos,7.5,42.02,6133,5.51812744141,798.96
RTCETPSNSFKGACFSDTNCASVCQTEGFPGGHCEGFRQRCFCTTHC,pos,1.0,45.52,5935,5.51812744141,546.31
RTCETSSNLFNGPCLSSSNCANVCHNEGFSDGDCRGFRRRCLCTRPC,pos,2.5,45.55,5998,5.51812744141,594.09
RTSESQSHKFKGPCASDHNCASVCQTERFSGGRCRGFRRRCFCTTHS,pos,7.5,42.02,6133,5.24005126953,798.96
RVCESQSHGFHGLCNRDHNCALVCRNEGFSGGRCKRSRRCFCTRIC,pos,7.5,47.04,6065,5.51812744141,796.87
RVCMGKSQHHSFPCISDRLCSNECVKEEGGWTAGYCHLRYCRCQKAC,pos,4.5,55.93,6204,5.51812744141,742.18
RVCMKGSAGFKGLCMRDQNCAQVCLQEGWGGGNCDGVMRQCKCIRQC,pos,4.0,50.01,5952,5.51812744141,533.75
RWRWRWRWRW,pos,5.0,23.1,1890,5.52496337891,270.5
RYCERSSGTWSGVCGNSGKCSNQCQRLEGAAHGSCNYVFPAHKCICYYPC,pos,4.0,56.84,6359,5.51812744141,511.49
RYCERSSGTWSGVCGNTDKCSSQCQRLEGAAHGSCNYVFPAHKCICYYPC,pos,3.0,57.38,6404,5.51812744141,550.47
SCNYVFPAHKCICYF,pos,1.5,26.91,2045,5.52496337891,116.31
SDDTQGFGIKQEYKQCYTPDPCRKGGNDECERFCVAKSGLLYGKCINDGSKDVCCCLTK,pos,0.0,69.2,7557,8.75006103516,894.05
SDGTSGYGITEATKRCFTPAPCTRGLFYCQTFCSSLSAVLIGVCESGICCCILNQ,pos,0.0,66.03,6743,5.52496337891,346.21
SEKDEL,pos,-2.0,5.88,809,5.52496337891,192.14
SEQRTRVSEVVREAEIHDGGQCTDDDICNKNCLDCIARQCIFQQCVCSKRFFPPNSQPNLRVKKH,pos,2.0,75.77,8639,6.74114990234,1079.2
SESILIVHQQQSRSSGS,pos,0.5,13.25,2129,5.24005126953,175.0
SFLNVNCWCET,pos,-1.0,14.71,1494,5.18499755859,65.95
SFLNVNCWCQT,pos,0.0,14.04,1493,5.18499755859,19.57
SIGFDGLNDPDIVAR,pos,-2.0,19.98,1839,9.75006103516,181.96
SKTVVRKNESLEDALRRFKRSVSKTGTLQEARKREFYEKPSVKRKKKSEAARKRKF,pos,14.0,64.29,7681,5.52496337891,1430.18
SLDKRNKLIG,pos,2.0,12.54,1304,5.52496337891,197.8
SLSTEATAKIVSEFGRDANDTGSTEVQVALLTAQINHLQGHFAEHKKDHHSRRGLLRMVSQRRKLLDYLKRKDVARYTQLIERLGLRR,pos,9.5,95.39,11692,9.75006103516,1636.29
SNDIYFNFQR,pos,0.0,13.32,1464,9.75006103516,107.12
TAGFGVFTNIINGGLECGK,pos,0.0,21.6,2220,8.75006103516,112.53
TEMMAVEGRICERRSKTWTGFCGNTRGCDSQCKRWERASHGACHAQFPGFACFCYFNC,pos,4.0,66.87,7652,5.51812744141,803.97
TFPKCAPTRPPGPKPCDINNFKSKFWHIWRA,pos,5.5,53.77,4177,5.57000732422,424.0
TLRGDERILSILRHQNLLKE,pos,1.5,24.54,2744,4.59930419922,410.41
TLRGDERILSILRHQNLLKELQDLALQGAK,pos,1.5,35.19,3961,8.75006103516,509.02
TRIMDASSDCEFKGPCHKKEDCYDSCGVNKPPFNNAICVPGRDSFQCCCILS,pos,-0.5,67.81,6646,5.24005126953,703.85
TSSTLKESLTAEIKPTKVDRCKTDRDCPQSHRCQKDFYYGCVVGECICRAV,pos,2.5,60.56,6664,5.49505615234,858.88
TTAGRRDGKSGRTEWLYVAGECAKLPRCNKYCVSNGFHLGGFCEKLSPQASYLSCVCKYT,pos,5.5,71.32,7667,5.18499755859,746.61
TVKSYSEEKTHSFDLTANPPIDLNIVDELPRDEHLGVSHADNVIGFCQECAHHCLQRKRVLGECRWFTCHCSRITIGVGL,pos,0.0,100.25,10460,5.52496337891,1277.85
VIEPSLQVLARKYNCDKVVCRKCYARLHPRAVNCRKKKCGHSNHWRPKKKLK,pos,15.5,74.58,7099,8.75006103516,1089.38
VIRTVVAGYNLYRAIKKK,pos,5.0,28.04,2396,8.75006103516,261.9
VKRGLKLKLAKLAKKLAKLAK,pos,9.0,32.44,2676,8.75006103516,450.83
VKVGLATKAERASRQQRKQRKNRQKTLRGTAKVKGAKAKK,pos,15.0,38.01,5201,8.75006103516,882.35
VKVGLATKAERASRQQRKQRKNRQKTRRGTAKVKGAKAKK,pos,16.0,36.69,5244,8.75006103516,933.9
VMEPTLEALAKKYNWEKKVCRRCYARLPVRASNCRKKACGHCSNLRMKKKLR,pos,13.5,70.45,7078,9.75006103516,1047.25
VNVPKTKRAFCKGCKKHMMMKVTQYKTGKASLYAQGKRRYDRKQSGYGGQTKPVFHKKAKTTKKIVLRMQCQECKQTCMKGLKRCKHFEIGGDKKKGN,pos,26.5,117.72,13022,5.52496337891,1861.81
VSGPPKCIALCRPGYYERFECFHDCITEGYDDGSCVPGPTTAKCGIITKTTNKICYSFAFE,pos,-0.5,85.73,7778,4.59930419922,721.11
VVPSSFKRVEGPVTAASADFCYKCSRGCYRRYRRPVFCQGSICRCSSFIDDGY,pos,5.0,70.51,6925,5.52435302734,674.18
YDLFTGIGIDARTVPPTCYESCNATFQNPECNKMCVGLAYKDGSCIYPPPEVDGLPPKRPYFPRCCCNPIILSPPSP,pos,-1.0,119.92,9802,5.95501708984,694.67
AAAAGSVWGAVNYTSDCNGECKRRGYKGGYCGSFANVNCWCET,neg,1.0,45.24,5279,5.18499755859,382.44
AEIFKFVYKWILFVSLFLVIVAKEDDIECVTDADCYEKLPALQRAVMKCIQGFCKIHI,neg,-0.5,99.51,7774,5.52496337891,793.43
AFVANTETCITDKDCPNGRNYIGRCRKGHCQQRLVR,neg,4.5,39.45,4750,9.75006103516,574.48
AIHRALISKRMEGHCEAECLTFEVKIGGCRAELAPFCCKNRKKH,neg,5.5,57.99,5754,6.74114990234,879.5
AIIYLSLFLFVFEDKRECDTNFDCQQKFSTQAEDLLWCIRGYCMSIPN,neg,-3.0,71.24,6556,5.52496337891,560.11
AILECREDSHCVTKIKCVLPRKPECRNNACTCYKGGFSFHH,neg,4.5,54.12,5410,6.74114990234,728.34
AISCGQVASAIAPCISYARGQGSGPSAGCCSGVKSLNNAARTTADRRAACNCLKNAAAGVSGLNAGNAASIPSKCGVSIPYTISTSTDCSRVN,neg,6.0,91.34,10672,5.52496337891,576.42
AKVNCLDDADCLEVLCVFGSKAECVVNICICVPPRFGKFDEHFR,neg,-1.5,65.25,5673,9.75006103516,640.81
AQAEPLQARADEAAAQEQPGADDQEMAHAFTWHESAALPLSDSARGLRCICGRGICRLL,neg,-3.0,64.29,7342,5.52496337891,815.87
AQIVKLGGDDGSLAFVPSKISVAAGEAIEFVNNAGFPHNIVFDEDAVPAGVDADAISYDDYLNSKGETVVRKLSTPGVYGVYCEPHAGAGMKMTITVQ,neg,-6.0,122.61,11924,5.52496337891,1039.41
ARLHRPSEFAAALRLGLVIAKRFAARAVTRNTLKRVIREAFRARRLALDYVVRLHSKLTPASLTALKRSARAEVD,neg,14.0,95.42,9786,4.29937744141,1288.88
ATCDLASGFGVGSSLCAAHCLVKGYRGGYCKNKICHCRDKF,neg,5.0,49.37,5056,5.52496337891,511.09
ATTGCSCPQCIIFDPICASSYKNGRRGFSSGCHMRCYNRCHGTDYFQISKGSKCI,neg,6.0,66.22,7026,5.52496337891,594.49
ATYYGNGVYCNKQKCWVDWSRARSEIIDRGVKAYVNGFTKVLGGIGGR,neg,5.0,61.01,6198,9.75006103516,573.1
AVNIPFKVHFRCKSIFC,neg,3.5,30.43,2295,5.51812744141,213.76
AVSCNTVIADLYPCLSYVTQGGPVPTLCCNGLTTLKSQAQTSVDRQGVCRCIKSAIGGLTLSPRTIQNALELPSKCGVDLPYKFSPSTDCDSIQ,neg,1.0,112.28,11546,5.52496337891,704.45
CACEQIADSQHRSHRQMV,neg,1.0,16.38,2403,5.49505615234,316.37
CCGGIKKEIEAIKKEQEAIKKLIQLIVWGIKQIQARIL,neg,4.0,61.46,4995,5.52496337891,620.11
CGGNNLLRAIEAQQHLLQLTVWGIKQLQARILAVERYLKDQGGC,neg,2.5,52.96,5688,5.51812744141,487.66
CLKKLGKLLKKLLKLC,neg,6.0,28.17,2110,5.51812744141,303.07
CRRWQWRMKKLGA,neg,5.0,19.7,1933,5.57000732422,266.07
CWWKIWVIRWWR,neg,3.0,31.88,2014,9.75006103516,165.89
DCSQDCAACSILARPAELNTETCILECEGKLSSNDTEGGLCKEFLHPSKVDLPR,neg,-4.5,62.15,6760,9.75006103516,807.41
DDDDEGGGGGGGGGGGGERRRPRPPYLPRPRPPPFFPPRLPPRIPPGFPPRFPPRFP,neg,4.0,89.78,7125,5.95501708984,817.05
DDGIEMTEEEVKRGILDLVTHVAKNLAAQLLDKLKCKMTGC,neg,-1.5,49.76,5245,5.51812744141,734.6
DGVKLCEKASKTWSGNCGNTKHCDKQCRSWEKAAHGACHVRSGKWKCFCYFNC,neg,7.5,62.55,6928,5.51812744141,880.69
DGVKLCEKPSKTWSGHCGNTKHCDTQCRNWEKAKHGACHVRNGKWKCFCYFNC,neg,8.0,64.41,7061,5.51812744141,935.57
DGVKLCEKPSQTWTGHCGNTKHCDKQCKNWEGAKHGACHKRNGKWKCFCYFNC,neg,8.0,63.36,7032,5.51812744141,934.8
DGVKLCERASKTWSGHCGNTKHCDNQCRSWEGAKHGACHVRNGKWKCFCYFNC,neg,7.0,60.24,6978,5.51812744141,887.0
DGVKLCERASKTWTGNCGNTKHCDKQCKNWEGAKHGACHVRNGKWKCFCYFNC,neg,7.5,61.82,6982,5.51812744141,884.1
DKDNKRFALLGDFFRKSKEKIGKEFKRIVQRIKDFLRNLVPRTES,neg,7.0,63.26,6254,5.24005126953,1041.66
DQMSDGVNYGKGSSLSKGGAKCGLGIVGGLATIPSGPLGWLAGAAGVINSCMK,neg,2.0,58.35,5983,8.75006103516,317.11
DRCTKRYGRCKRDCLESEKQIDICSLPRKICCTEKLYEEDDMF,neg,0.0,57.15,5972,5.52496337891,987.88
DRLRQKVAIQRTLRLGLAVSRKVGNAVVRNRIKRRLREAFRQQSVRTDVLVVARPSARQLSMRAMGAYLQ,neg,15.0,79.6,9318,5.52496337891,1109.22
EAESEAEP,neg,-4.0,7.2,986,5.95501708984,202.89
EDLLKAVRLIKFLYQ,neg,1.0,25.57,2099,5.52496337891,249.18
EIDADCPQICMPPYEVRCVNHRCGWVNTDDSLFLTQEFTRSKQYIIS,neg,-2.5,64.56,6345,5.24005126953,616.89
ELCEKASKTWSGNCGNTKHCDNQCKSWEGAKHGACHKRSGKHKCFCYFNC,neg,7.0,54.29,6528,5.51812744141,890.52
ELRPEDDMKPGSFDRSIPENNIMRTIIEFLSFLHLKEAGAL,neg,-2.5,57.96,5446,5.52496337891,703.18
ELRPEDDMKPGSFDRSIPENNIMRTIIEFLSFLHLKEAGALDRLLDLPAAASSEDIERS,neg,-5.5,78.17,7708,5.24005126953,1037.19
ERAAVVLIVIRR,neg,2.0,19.04,1591,9.75006103516,207.05
ETCRLGRGKCRRACIESEKIVGWCKLNFFCCRE,neg,4.0,44.39,4467,4.59930419922,627.74
FDNPFGCPADEGKCFDHCNNKAYDIGYCGGSYRATCVCYRK,neg,0.5,53.17,5305,8.75006103516,549.97
FIWVIWRRFIWVIWRR,neg,4.0,40.56,2600,9.75006103516,217.96
FSRYARMRDSRPWSDRKNNYSGPQFTYPPEKAPPEKLIKWNNEGSPIFEMPAEGGHIEP,neg,1.5,84.32,7945,5.95501708984,945.58
FTFSILCQVNSDCLGEICLPPKTHWCNKILLEIYISCHLVTMLEPNNLYLLPFLISWTRNNLYIILGLSLFSRTNSLVLSWR,neg,2.0,130.59,11008,9.75006103516,634.3
GALWGAPAGGVGALPGAFVGAHVGAIAGGFACMGGMIGNKFN,neg,1.5,50.73,4564,5.52496337891,120.08
GFCFRACSKRNGLRVCYRRCN,neg,6.0,25.74,2867,5.52496337891,326.66
GFCMEVCVYRNGVRVCTRRCN,neg,3.0,25.29,2823,5.52496337891,276.08
GFCWKACVYKNGVRVCHRRCN,neg,5.5,28.95,2857,5.52496337891,323.65
GFCWNVCVYRNEVRVCHRRCN,neg,3.5,28.18,2971,5.52496337891,330.07
GFCWRVCVRRNGVRVCSRHCN,neg,5.5,25.77,2865,5.52496337891,328.84
GFFGNTWKKIKGKADKIMLKKAVKIMVKKEGISKEEAQAKVDAMSKKQIRLYVLKYYGKKALQKASEKL,neg,14.0,99.58,9106,5.52496337891,1309.62
GFFGNTWKKIKGKTDKIMLKKAVKIMVKKEGISKEEAQAKVDAMSKKQIRLYLLKHYGKKALQKASEKL,neg,14.5,97.28,9124,5.52496337891,1361.59
GGVKGEEKRVCPPDYVRCIRQDDPQCYSDNDCGDQEICCFWQCGFKCVLPVKDNSEEQIPQSKV,neg,-4.0,83.01,8413,5.49505615234,998.18
GLLDSFKNAMIGIAKSAGKTALNKIACKIDKTC,neg,4.0,42.96,3997,5.51812744141,398.47
GLLDTFKNLALNAAKSAGVSVLNSLSCKLFKTC,neg,3.0,39.3,4000,5.51812744141,265.87
GLLDTFKNMALNAAKSAGVSVLNSLSCKLSKTC,neg,3.0,36.0,3958,5.51812744141,268.17
GLPVCGETCVGGTCNTPGCGCSWPVCTRN,neg,0.0,31.45,3373,5.52496337891,133.42
GLRKLFRKLLKLIQKLLR,neg,7.0,30.42,2540,9.75006103516,361.18
GPMRIPEKHRIVREYIRKFGLQLNEFVQETENAWYYIKNIRKKVHEVKKDPGLLKYPVKP,neg,8.0,96.13,8376,5.95501708984,1189.49
GPVSAVLTELRCTCLRVTLRVNPKTIGKLQVFPAGPQCSKVEVVASLKNGKQVCLDPEAPFLKKVIQKILDSGNKKN,neg,8.0,102.94,9674,5.52496337891,944.91
GSGPTYCWNEANNPGGPNRCSNNKQCDGARTCSSSGFCQGTSRKPDPGPKGPTYCWDEAKNPGGPNRCSNSKQCDGARTCSSSGFCQGTAGHAAA,neg,4.5,85.97,11404,5.57000732422,931.53
GVLDILKGAAKDLAGHVATKVINKI,neg,2.5,34.26,2974,5.52496337891,338.23
GWWNAFKSIGKKLLKSKLAKDITKMAKQRAKEYVVKKLNGPPEEEVAAIDALMNSLDY,neg,5.0,83.08,7584,5.52435302734,955.91
HQWRIRVAVRRH,neg,5.0,16.67,1810,6.74114990234,317.24
HSLIEESQNQQEKNEQELLELDKWASLWNWF,neg,-4.5,38.36,4409,5.52496337891,529.08
IDISIELNKAKSDLEESKEWIKKSNQKLDSIGNWH,neg,-0.5,46.76,4705,6.74114990234,698.66
IKKEIEAIKKEQEAIKKKIEAIEKLLQLTVWGIAQLQARIL,neg,3.0,64.2,5471,5.52496337891,768.92
ILGEIWKGIKDIL,neg,0.0,25.52,1712,5.52496337891,193.21
INSDGYLECTTDYDCREEWLCPPDMEAKCFVSFALARFLSKGKCLCV,neg,-3.0,66.86,6194,5.49505615234,649.03
INWLKLGKKLLSAL,neg,3.0,23.82,1829,5.52496337891,158.05
KFWWWNYLK,neg,2.0,22.39,1513,8.75006103516,111.09
KKAAAFAAAAAFAAWAAFAAAKKKK,neg,6.0,35.27,2910,8.75006103516,300.15
KLTFIQSTAAGDLYYNTNTHKYVYQQTQNAFGAAANTIVNGWMGGAAGGFGLHH,neg,2.5,56.53,6726,6.74114990234,350.08
KNIGNSVSCLRNKGVCMPGKCAPKMKQIGTCGMPQVKCCKRK,neg,10.0,53.01,5259,8.75006103516,541.13
KNLRIIRKGIHIIKKY,neg,6.5,29.91,2261,5.52435302734,359.79
KNSQGNKENICFKDADCPQDICSYPFKPKCNIYGYCSC,neg,1.0,52.94,4987,5.51812744141,464.58
KRFKKFFKKLKKSVKKRAKKFFKKPRVIGVSIPF,neg,16.0,61.7,4758,5.52496337891,809.24
KRKKEMANKSAPEAKKKK,neg,7.0,22.46,2404,8.75006103516,555.88
KRLFKKLKFSLRKY,neg,7.0,24.89,2087,5.52435302734,356.83
KSCCPNTTGRNIYNTCRFAGGSRERCAKLSGCKIISASTCPSDYPK,neg,6.0,52.35,5751,8.75006103516,541.38
KVCRQRSAQFKGPCVSDKNCAQVCLQEQWQQQNCDQPFRRCKCIRQC,neg,6.0,52.98,6399,5.51812744141,653.34
KWKLFKKIGIGAVLKVLT,neg,5.0,32.53,2346,5.18499755859,253.52
KWKSFIKKLTSKFLHSKKKF,neg,8.5,34.14,2849,5.52496337891,458.47
KWRRWI,neg,3.0,14.03,1033,5.52496337891,157.85
KYYGNGLSCNKSGCSVDWSKAISIIGNNAVANLTTGGAAGWKS,neg,3.0,46.73,5116,5.24005126953,280.89
LDRPKKPGLCPPRPQKPPCVRECKNDWRCPGERKCCRYGCIYECRDPIFVK,neg,7.0,83.08,6929,8.75006103516,972.77
LDVPHVYLRDTKDCSKITIGNLPTEPFEVTVSAYREPSDITVGMIPVSFIEGDFDKYYEDFASDITKRLKDMAKLKEDSHKQAVDSINKEKVAEVVMFFE,neg,-6.0,139.3,13206,4.59930419922,1709.82
LGDFFRKSKEKIGKEFKRIVQRIKDFLRNLVPRTES,neg,6.0,51.81,5005,5.24005126953,805.08
LKIKTKKVNTADQCANRCTRNKGL,neg,6.0,25.28,3115,5.52496337891,414.95
LLAAHLLAIGRR,neg,2.5,17.11,1500,9.75006103516,157.55
LLAWCLVFLVIVQQVTSSPVPQSDTPLTSVQEVQRSLKRTARMTPLWRIMGTKPHGAYCQNHYECSTGICRKGHCSYS,neg,6.5,98.57,10171,5.24005126953,785.31
LNGNRHGKDRCFKDSDCPKYMCPSSLVAKCIKKLCSCRKPGLQIQLNPK,neg,8.5,66.43,6381,8.75006103516,770.73
LNKKETLLNTTVTFLGGTSQSSRPKGKQTLCEMQKSDGSVEFIFDGTVFYVHSMVVVYMANKKHSMQATVSAIDGNYKYAGITFKLKVDYKENTLLLEEI,neg,3.0,120.75,12977,5.52496337891,1247.32
LQHYREVAAAKSSENDRLRLLLKQMCPSLDVDSIIPRTPDVLHED,neg,-1.0,57.87,5960,4.29937744141,795.29
LRDAEQKLKNSNQATTAQLKRASDAVQKQSAKHKALVEQYKQEGNQVQKTKSAK,neg,7.5,47.08,7000,8.75006103516,939.1
LVATGMAAGVAKTIVNAVSAGMDIATALSLFSGAFTAAGGIMALIKKYAQKKLWKQLIAA,neg,5.0,78.17,7080,5.57000732422,372.46
LVNKINKFNQYVARFIPYIATKIPIKKNIAPMIKQKSDAELLKNEVFRVRK,neg,9.0,83.17,6924,8.75006103516,782.67
MAAIIKFIYTMFLFIFLFVVPTKVDALAGCITDADCVIKKCSSSCRIKCIDFRCLCPTGF,neg,3.0,101.1,7747,5.52496337891,549.77
MAEFLHMTYVMIIFIFLFLSLIDAEVHRCIEYTDCPEDMCHLPLVVVCHDHICKCLRLP,neg,-2.5,101.32,8018,5.95501708984,807.92
MAEIIKFVYILILCVSLLLIGEASGKECVTDADCENLYYGNKWPLICSNIGYCLSSYEEPPHK,neg,-3.5,98.88,8183,8.75006103516,679.62
MAEIVKFVYLMIIFLSTFLVSTKILEKHKCVTDGVEILEKGKCFTDWECVRNSWLCPVDLVVRCIKETCKCIKILEPINVVPT,neg,1.5,135.96,11030,5.18499755859,1125.71
MAETLKFVYVLILFISILFVVIVCDSSYIPISHPCTTVKDCPEVKNYKSRCLKGLCISGRLR,neg,4.5,100.42,8115,9.75006103516,679.16
MAEVITTVLEMPNTVIATAVGDKIMEADAYRHYLESINVDPRFVLEEYIAMVAEKDQEVWKHV,neg,-6.0,88.92,8332,5.49505615234,955.81
MAGFLKVVQLLAKYGSKAVQWAWANKGKILDWLNAGQAIDWVVSKIKQILGIK,neg,6.0,81.76,6827,8.75006103516,517.51
MAGIIKFVHVLIIFLSLFHVVKNDDGSFCFKDSDCPDEMCPSPLKEMCYFLQCKCGVDTIA,neg,-2.0,95.82,7936,5.57000732422,735.12
MAIIKFIYTMFLFILLFVVPTKVDGRITHDPSTRSTVSGGFGKCVRDADCVDEVCSPGCNKRCVGFECQCPL,neg,1.5,102.63,9206,5.52496337891,809.51
MAKFASIIALLFAALVLFSAFEAPSMVEAQKLCEKSSGTWSGVCGNNNACKNQCINLEGARHGSCNYIFPYHRCICYFPC,neg,3.0,109.99,10173,5.51812744141,677.68
MAKILMFVYALIIFISLVITGRSTINVMCYYDHDCPFVLDHIAECKGGVCEYTAFFYE,neg,-2.0,95.66,7698,4.59930419922,562.74
MAKIVYFVYSMIIFLSLFLVTTKAAERIYRCLDHSHCPTFMCSPGLKPKCMNPKVCKCVPVQSRKYYALT,neg,9.0,112.42,9318,5.18499755859,754.12
MAKLMKLFYVMIHFISLLLITRNVRAYDDCYNHAECTNKIKCVPPRIAQCVRFKCDCIRLNNGPKTPWSARPKRVHISPTRKNDF,neg,12.5,129.39,11511,5.52496337891,1250.23
MAKSAAIITFLFAALVLFAAFEAPIMVEAQKLCEKPSGTWSGVCGNSNACKNQCINLEGAKHGSCNYVFPAHKCICYFPC,neg,3.0,112.89,9992,5.51812744141,667.27
MAKTLKFFYTIILFLSLFLVLQRKLTGCEVDGDCPKVFKLKVMILFIKCINNKCVRGLLSQTGTQCPDFFFLKRTLPRFYF,neg,9.0,132.11,10939,5.52496337891,885.38
MAKTLNFVCAMILFISLFLVSKNVALYIIECKTDADCPISKLNMYNWRCIKSSCHLYKVIQFMV,neg,4.5,104.72,8553,5.49505615234,588.41
MALSSQIWAACLLLLLLLASLTSGSVFPQQTGQLAELQPQDRAGARASWMPMFQRRRRRDTHFPICIFCCGCCHRSKCGMCCKT,neg,8.0,107.45,10891,5.18499755859,828.86
MAMYEVKKSYTDLEKGQYLKSGKRVEMTVKRAEYVNKKLKEHGVILERVKEE,neg,4.5,66.99,7103,4.59930419922,1169.61
MANCIRRNALFFLTLLFLLSVSNLVQAARGGGKLKPQQCNSKCSYRCSATSHKKPCMFFCLKCCKKCLCVPPGTFGNKQTCPCYNNWKTKEGRPKCP,neg,16.5,130.68,12576,5.95501708984,1056.97
MANEIIKKTERFILVQIDKEGTERVLYQDFVGSFTTSDSASYAQDFKSEENAKKIAETLNLLYQLTVNQNGVKVVKEVVDRTDLSSDKSVDSEIM,neg,-5.0,110.46,12435,5.27496337891,1451.93
MAPSRRMVASAFLLLAILVATEMGTTKVAEARHCLSQSHRFKGMCVSSNNCANVCRTESFPDGECKSHGLERKCFCKKVC,neg,7.5,93.16,10196,5.51812744141,1113.31
MAQILISVHALSVFIFPFLVVIIRDKPAPIPCKFHADCPIMLSIVVECINNVCEFIYI,neg,0.0,108.81,7564,5.52496337891,475.04
MAQKFMFFYALIIFLSSFYVIINTIDPPHHITNHEIPCKYNHDCPTILDYISICPYHYCEFWRTY,neg,0.5,116.83,9083,5.52435302734,691.29
MAQRFMFIYALIIFLSQFFVVINTSMSIYITFKKFIIDFIHNVYHPSITSNFSLFNNAGDIPNNSNRNSPKEDVFCNSNDDCPTILYYVSKCVYNFCEYW,neg,0.0,155.94,13585,5.52496337891,817.88
MASLKKSLFLVLFLGFVSLSICEEEKREDKEDEGENEEAEENHEERSEEKRFLPLLASLVGGLLGKRS,neg,-6.5,81.44,8938,5.24005126953,1416.91
MATILMYVYITILFISILTVLTEGLYEPLYNFRRDPDCRRNIDCPSYLCVAPKVPRCIMFECHCKDIPSDH,neg,0.0,117.31,9582,6.74114990234,870.34
MAVFRVLLASLLISLLVLDFVHADMVRCSLSSRPNLCHRACGTCCARCNCVAPGTSGNYDKCPCYGSLTTHGGRRKEVKEFSFFTHGS,neg,7.0,107.62,11143,5.24005126953,1005.56
MAVMKSRTVIVAAVLLAVVILSSLCPCYEAGGCIGKPPKTPAPKRPCFSPYSEDHCDRQNCRFVCMSHGYSDGGWCDEREVRKMCCCYH,neg,4.5,123.42,11437,6.74114990234,1144.03
MCGIVGIAGVMPVNQSIYDALTVLQHRGQDAAGIITIDANNCFRLRKANALVSDVFEARHM,neg,1.0,76.16,7659,5.27496337891,618.76
MDEILKFVYTLIIFFSLFFAANNVDANIMNCQSTFDCPRDMCSHIRDVICIFKKCKCAGGRYMPQVP,neg,1.5,103.74,8914,5.95501708984,715.73
MDIMDIEFLEEHKQLVKEHVEQELKLMHPLKKLQVMTDWLGDTEDKLSQGDLDYFNDLTETELIEAMDASEIVESYSDVLLDFIDYYNIDLTGLEEQLGV,neg,-19.5,132.32,13482,5.49505615234,1746.23
MEDIVKFVYVIIIFLSIFIIATNMEAKTICIGDSDCRNERCMPGIKPVCSEGWCDCIGFIP,neg,-3.0,102.24,7935,5.95501708984,655.7
MEFLKYPSLVNHYAIGKSKRLVNRFDNILWYASEKIHGANASYALSATGEEYFAKRSGIISKDDKQFSMLPECVTSDIREGTKKAFRILS,neg,5.0,120.74,11844,5.24005126953,1333.66
MEHLYIVSYDIRNQRRWRRLFKTMHGFGCWLQLSVFQCRLDRIRIIKMEAAINEIVNHAEDHVLILDLGPAENVKPKVSSIGKTFDPILRQAVIV,neg,6.0,141.19,12851,5.49505615234,1440.1
MEIKYLLTVFLVLLIVSDHCQAFLFSLIPSAISGLISAFKGRRKRDLNGQIDHFKNFRKRDAELEELLSKLPIY,neg,4.0,112.64,9885,5.52435302734,1066.8
MEMMNAEKHMQMMQMLQNCVIDKYVSHDEYEELIAIDKHGNKMFIKFYPNTEDDTNE,neg,-5.5,73.32,7904,4.59930419922,1009.42
MFSKKSLLVLFFLGTISLSLCQEERGADEDEAVEFTEEEKRSILSTLKDVGISALKNAGSGVLKTLLCKLNKNCEK,neg,-1.0,92.41,9709,8.75006103516,1168.49
MFTLKKSLLLLFFLGTINLSLCEQERDADEEERRDDPDERDVEVEKRFLPLLAGLAANFLPKLFCKITRKG,neg,-2.0,99.05,9508,5.52496337891,1289.14
MFTLKKSLLLLFFLGTINLSLCEQERNAEEERRDDLGERQAEVEKRFFPIVGKLLSG,neg,-1.0,74.32,7630,5.52496337891,972.56
MFTLKKSLLVLFFLGIVSLSVCEHNRDADEEDGGEVTGEEVKRAALKGCWTNSIPPKPCSGKR,neg,0.5,80.79,8017,9.75006103516,964.05
MFTLKKSMLLLFFLGTISLSLCQDEGADEDHGGEMTTEEKRGLMDIFKVAVNKLLAAGMNKPRCKAAHC,neg,1.0,86.24,8821,5.51812744141,1007.56
MFTLKKTLLLLFFLGTINLSLCKEERDADEERRDDPDKRDVEVEKRFLSGILKLAFKIPSVLCAVLKNC,neg,1.0,99.9,9202,5.51812744141,1233.95
MFTMKKSLLLFFFLGTISLSLCEEERGADEDDGVELTEEEVKRGLLSSFKGVAKGVAKDLAGKLLEKLKCKITGC,neg,-1.0,95.92,9539,5.51812744141,1241.64
MFTMKKSLLLLFFLGTINLSLCQEEERNADEEERRDERDVEVEKRVIPFVASVAAEMMQHVYCAASKKC,neg,-2.5,88.73,9243,5.51812744141,1223.04
MFTNPKIDGETAEKDWDFSSEEVEGEALFPLVDNKKSVRKYIFDSANMTNHDGDGEKGEEAFLKKILGEEYTGNVTEGNEETL,neg,-11.5,94.36,10803,5.52496337891,1536.47
MFVYDLILFISLILVVTGINAEADTSCHSFDDCPWVAHHYRECIEGLCAYRILY,neg,-3.5,86.0,7188,5.52435302734,605.6
MGHLPDDVGSWATHCINLVCDGELLEDKKSQTYTCEDCGEVVTLDELNEHLEKEAESYLKFFGYK,neg,-8.5,79.68,8542,8.75006103516,1138.38
MHIETVTTCIYDSDCPEDMCYPPKKSFCSTFEILSIERKVGVCECI,neg,-3.5,67.83,6070,5.52496337891,658.94
MIDQRFIEMTLERHPHLKNNFYGLIDGKEFKLD,neg,0.0,48.26,4621,4.29937744141,648.83
MILQILGERKYDCKDSTEEPIVKPFIELIDGVQFLLEQENAFSLLNSKHEEITRVPNSPYEYRTEKEGYKTFVNSVYVLNDEGKTLRRLFERGL,neg,-3.5,127.04,12735,5.52496337891,1591.51
MINIPKMKFPKKYTEIISKKYKNKTPEEKAKIENDFIKDINDKDSEFYSPMMANMNEHELRAMLRMMPSLIDTGDDNDD,neg,-1.5,111.95,10770,4.29937744141,1528.36
MKAFSIAVAVTLVLAFICILQSSAIPVNGVKELEEAASNDTPVAARHEMSMQPWMLPNHIREKRQSHISMCTMCCNCCKNYKGCGFCCRF,neg,4.5,120.93,11606,5.52496337891,981.79
MKAFSIAVAVTLVLAFVCIQCSSAVPFQGVQELEEAGGNDTPVAEHQVMSMESWMENPTRQKRHISHISLCRWCCNCCKANKGCGFCCKF,neg,2.5,114.7,11537,5.52496337891,980.75
MKAIPVALLLLVLVAAASSFKHLAEAADGGAVPDGVCDGKCRSRCSLKKAGRCMGLCMMCCGKCQGCVPSGPYASKDECPCYRDMKSPKNQRPKCP,neg,8.5,125.42,11782,5.95501708984,1177.46
MKCILSLVTLFLVAVLVHSHPAEWNTHQQLDDALWEPAGEVTEEHVARLKRATCDLFSFRSKWVTPNHAACAAHCLLRGNRGGRCKGTICHCRK,neg,7.5,119.36,12224,8.75006103516,1408.09
MKFTATFLVLFMVVLMAEPGEGYWRFRNHRGERLSQRHFADVEQQELDKRSVDDEPSSIAFD,neg,-2.0,79.17,8425,4.29937744141,1057.44
MKIIVVLAVLMLVSAQVCLVSAAEMGHSSDNELSSRDLVKRFFLPPCAYKGTCNH,neg,2.0,74.22,6959,6.74114990234,577.39
MKITNCKIKKETIVYEVLTSGNQPFTYELPKDLSSHNARKYLEFISQKIDGDKLTKEDSL,neg,1.5,79.38,8005,5.52496337891,1010.59
MKITNCKIKRETIVYEVLTSGNQPFTYELPKDLSSHNARKYLEFISQKIRWR,neg,5.5,73.55,7186,9.75006103516,843.95
MKKLRTTTATTTLALILLLVLIAATSLRVAMAGSAFCDSKCGVRCSKAGRHDDCLKYCGICCAECNCVPSGTAGNKDECPCYRDKTTGHGARTRPKCP,neg,9.0,114.21,12109,5.95501708984,1235.18
MKLPVLFLLFCFLDLLKTVKAEMKDTLFCFLKKGKCRHVCMNVEKRVGPCTKLNANCCIFVRDMRAIIPEDQRTVSIKIRNKQN,neg,10.5,125.48,11290,5.52496337891,1281.84
MKLVFATLLLCSLLLSSSFLEPVIAYEDSSYCSNKCSDRCSSAGVKDRCLRYCGICCAECKCVPSGTYGNKHQCPCYRDKLNKKGKPKCP,neg,7.5,120.03,11522,5.95501708984,1144.87
MKMFTVISYDIVDDQRRTSVMKVLKGYGVRVQYSVFEAILDAREFHDLSNQLRKIIDPGQDSIRCYRLDQVAAQRTVIYGIGLTTTDPTHYMV,neg,2.0,122.46,12406,5.49505615234,1254.1
MKQVCILLAVLLCTAAVADAMVFAYAPTCARCKSIGARYCGYGYLNRKGVSCDGQTTINSCEDCKRKFGRCSDGFITECFF,neg,4.0,104.85,10259,5.52496337891,829.65
MKSQNHAKFISFYKNDLFKIFQNNDSHFKVFFALIIFLYTYLHVTNGVFVSCNSHIHCRVNNHKIGCNIPEQYLLCVNLFCLWLDY,neg,6.0,132.49,11801,5.52435302734,916.51
MKTFSGAVTVAVVLVFICIQQSSASFPEVQELEEAVSNDNAAAEHQETPVDSWMMPNNRQKRGFKCKFCCGCCRAGVCGLCCKF,neg,0.5,102.86,10670,5.52496337891,911.32
MKTFSVAVAVAVVLTFICLQESSAVSFTEVQEQEEPMSNDSPVAAHEEMSEESWKMPYNNRHKRSPAGRNKRRRRCRFCCGCCPNMIGCGTCCKF,neg,4.0,113.25,12409,5.52496337891,1341.64
MKTISVAVTVAVVLVFICIQQSSASFPEAQELEEAVSNDNAAAEHQETPVDSGMIPYNRQKRSFKCKFCCGCCRAGVCGLCCKF,neg,0.5,104.27,10582,5.52496337891,907.64
MKTSVVAVTVAVVLVFICIQQSSATFPEVQELEEAVSNDNAAAAHQETSVDSWMMPYNRPKRSFKCKFCCGCCRAGVCGLCCKF,neg,1.5,106.45,10658,5.52496337891,859.35
MKTVLAFLFLTFIAFTYAESYEDVKEEIKNEVEKEIFEDLEEESDALDSSVREFNDAKPWRFRRAIRRVRWRKVAPYIPFVVKTVGKK,neg,0.0,131.57,12121,8.75006103516,1706.17
MKTVLAFLFLTFIAFTYAESYEDVKEEIKNEVEREIFEDLEEESDVLDSNVREFNDAKPWRFRRAIRRVRWRKVAPYIPFVVRTVGKK,neg,0.0,131.01,12232,8.75006103516,1713.01
MKVAFVAVLLICLVLSSSLFEVSMAGSAFCSSKCAKRCSRAGMKDRCTRFCGICCSKCRCVPSGTYGNKHECPCYRDMKNSKGKPKCP,neg,12.5,114.41,11130,5.95501708984,1107.24
MKVFFLFAVLFCLVQTNSVHISHQEARGPSFKICVGFLGPRWARGCSTGN,neg,5.0,68.92,6434,5.52496337891,447.85
MKVLLLFAVFFCLVQRNSGDIPPGIRNTVCFMQRGHCRLFMCRSGERKGDICSDPWNRCCVSSSIKNR,neg,7.5,92.16,8996,9.75006103516,846.97
MKYLIYATLVVYGLITLLTSYILTYGVYWQLTNELSNPMPWFVIVLCGGIVLVLITAFIILVVNVIQLNKIENQEVNIAIIKEENDG,neg,-3.0,142.54,11400,5.52496337891,517.57
MLLAIAFLASVCVSSKRKRAVKRVGRRLKKLARKIARLGVAF,neg,13.0,59.89,5415,5.52496337891,673.25
MLSTLNEIKLGQKTQEQVNIKLDKTLDAIQKEREIDEKNKKENDKNIRDMKMWVLGLVGTIFGSLIIALLRMLMGI,neg,2.0,102.2,10097,5.52496337891,1211.25
MLTIACIVLIVFCGYLFLVKCLASLTCFGALFVLPGAEKVAAVVGLVWNVFWAAVWVTAINFLFHVA,neg,1.5,115.65,8444,5.57000732422,239.79
MLTLKKSMLLLFFLGTISLSLCEEERSADEDDGEKEVKRGIFSLIKTAAKFVGKNLLKQAGKAGLEHLACKAENEC,neg,0.5,95.19,9701,5.51812744141,1260.71
MLTLKKSMLLLFFLGTISLSLCEEERSADEDDGEKEVKRGIFSLIKTAAKFVGKNLLKQAGKAGLEHLACKAKNEC,neg,2.5,96.16,9700,5.51812744141,1260.3
MMMISLLVFNPVEADGVVVNYGQHASLLAKIDCGGACKARCRLSSRPHLCKRACGTCCQRCSCVPPGTAGNYDVCPCYATLTTHGGKRKCP,neg,8.5,112.36,11275,5.95501708984,960.99
MNDSNQGLQANPQYTIHYLSQEITRLTQENAMLKAYIQEQNEKSKSAEEE,neg,-3.5,48.7,6692,4.59930419922,706.96
MNKILKFVYEMILFLSLFHLAREVHDVAHTDIPCEPDADCPKSLHEYFEMKCIDKKCEWSRKTSLIP,neg,0.0,106.17,9134,5.95501708984,1200.7
MNLAKGKEESLDSDLYAELRCMCIKTTSGIHPKNIQSLEVIGKGTHCNQVEVIATLKDGRKICLDPDAPRIKKIVQKKLAGDESAD,neg,2.0,107.95,10942,4.29937744141,1444.15
MNMNFTKLFAIVLLAALVLLGQTEAGGLKKLGKKLEGAGKRVFKASEKALPVVVGIKAIGK,neg,8.0,84.44,7453,8.75006103516,723.23
MNSLYEQFKEGTLKEGQRFSVTGTIVLIDAEDPALPLKVDIDGEGIKWLKEGAIKYMEPAAEKLYEVSIGGRLLSYYGSDYEEGKWTCFFVEK,neg,-6.0,129.68,12179,8.75006103516,1407.27
MNTLYHKMQEHVCFVGFTRDGVNYQTNRVRTFGEARHFITFNCSPSDKDIRIFYRIPHEGAEDVEVVIARLDLTETKENN,neg,0.0,98.9,10834,5.52496337891,1332.95
MNYEEFKKEIESIDYLSVENRYDRVLVYSSLGDYPLVAVSILETGFVDYNWRGHVRARDIPVLTEAVEKFAETPYEERFPKKLLPTYWRKLC,neg,-2.5,138.09,12626,5.51812744141,1525.33
MPEQLSVRKWRLVRDLKQQEVADILGVNAKTVGHWEKDDTNLSNVTVYALAKLYDIEVDQIKV,neg,-0.5,82.93,8389,5.49505615234,996.22
MQHRGFLLLTLLALL,neg,1.5,22.49,1989,5.52496337891,113.72
MQIGKNMVETQKLVYVILLFLSIFLFTNSPLSQIIFSECKTDKDCPKYQRANIRCRKGQCVRI,neg,6.0,91.94,8479,5.52496337891,746.42
MQRGKHMVEILEFVYAMILFLPLFLVITEVDGVDIYCETDADCPQITDWFYVVKCVDHKCELTKKLRRLYEYQTQKSAETPYI,neg,-3.0,127.79,11351,5.52496337891,1209.09
MQRLDNMAKNVKFIYVIILLLFIFLVIIVCDSAFVPNSGPCTTDKDCKQVKGYIARCRKGYCMQSVKRTWSSYSR,neg,8.0,112.13,9998,9.75006103516,833.93
MQRRKNMANNHMLIYAMIICLFPYLVVTFKTAITCDCNEDCLNFFTPLDNLKCIDNVCEVFM,neg,-0.5,93.82,8377,5.27496337891,628.56
MRIIALLAAILLVALQVRAGPLQARGDEAPGQEQRGPEDQDISISFAWDKSSALQVSGSTRGMVCSCRLVFCRRTELRVGNCLIGGVSFTYCCTRVD,neg,2.0,116.98,12220,4.29937744141,1044.76
MRSHSFLSALFLLVMMMPRGKAGVVPGEKQCILLKGVCKDVSCTSTDDTIGVCNDEKKCCRRWWVFDPYPTPVPKGKSP,neg,5.5,113.03,10185,5.95501708984,1018.93
MRYSLSVSILAIILEFIYIVVLFFSPCLLVTDAYNITCNSALDCASNRCILPGMPICVTNKCLCV,neg,0.0,104.58,8310,5.49505615234,343.06
MSLEEIKLWLRIDYNFENDLIEGLIQSAKSELLLSGVPDYDKDDLEYPLFLYSD,neg,-9.0,81.63,7318,4.29937744141,823.01
MSQILKFFFATVLIFALFLSATNGQKFNECYEDTDCPIQMCGYPFNVDCVGNKCTCVYNP,neg,-2.0,86.32,7859,5.95501708984,434.3
MSSRLAVFAYDIRDDRVRRHALKTLREWRLDGQLSVHECQVDAIQARRLFEQLGDELDPATDAWLFTWVEGHRAVLARGKGRTTALQDGLLLAA,neg,1.5,113.37,12406,5.57000732422,1545.42
MSTIVNYVCSMMIICLFQFTVATNFERKQISFSFFMKEYWPCVTDDDCPSDLCKKVDQIPKCVGGLCKCFPIRFGQWER,neg,1.0,121.83,10662,9.75006103516,879.07
MSYTKRALEARGYDFDTMSMLEKMNALLELLEEPEFQEQMRKEYEEFSKECATNGE,neg,-7.0,64.97,7675,4.59930419922,1076.9
MTDNARKEYLNQFFGFKRYLYQDNERVAHIHVVNGTYYFHGHIVPGWQSVKKTFDTAEELEIYIKQHGLEYEEQKQLTLF,neg,0.5,107.0,11114,5.52496337891,1299.48
MTEILKFVCVMIIFISSFIVSKSLNGGGKDKCFRDSDCPKHMCPSSLVAKCINRLCRCRRPELQVQLNP,neg,6.5,99.52,9021,5.95501708984,887.55
MTHIFKFVYALIIFLSIYVAVNDCIRIHCKDDFDCIENRLQVGCRLQREKPRCVNLVCRCLRR,neg,6.0,97.82,8669,9.75006103516,973.23
MTIDDLLVKFKSLEKIDHNSEDEYLKQLLKMSYERIKNQCGVFELENLIGQELILIRARYAYQDLLEHFNDNYRPEIIDFSLSLMEVSEDEESV,neg,-10.0,129.05,12881,5.49505615234,1651.8
MTIIIKFVNVLIIFLSLFHVAKNDDNKLLLSFIEEGFLCFKDSDCPYNMCPSPLKEMCYFIKCVCGVYGPIRERRLYQSHNPMIQ,neg,2.0,138.84,11457,5.52496337891,989.93
MTKNHYKLYVDMKEGTHDYVSATVYSMFDEKVLWLPDIKKPENVADYTDEWKNGLYSYYEKLAISELNDYNATFSHL,neg,-3.5,107.78,10540,5.52496337891,1199.65
MTLTVQARQLLSGIVQQQNNLLRAIEAQQHLLQLTVWGIKQLQARILAVERYLKDQQLLGIWG,neg,3.5,78.08,8357,5.52496337891,569.25
MTNYIVIFFLALFLIVIDVSAILECIFDIDCPTKKCAPPLVAKCDMYECYCRCPPNN,neg,-2.0,101.11,7496,5.52496337891,509.28
MTQFLGALLLTGVLGYIPYKYLTMIGLVSEKKQGYQYSCIIDFFLLKHV,neg,2.5,77.75,6476,5.49505615234,379.16
MTQILKLVYIVILFCFHICFVAEAEQCVSDADCQIKFPGPRQHLLRCTQGNCVMLVGQGKNYFSIMSKTLFSLLVIIFLLL,neg,3.0,125.65,10645,5.52496337891,655.41
MTQILLFVHVLISFLSLLLIVTNSVEIPETPCESDAECPYYSPSLYARCIDGFCTLFLS,neg,-4.5,91.43,7654,5.24005126953,435.47
MTQISISFYALIIFFSLFLVVTNGRNKTCNYSSECLFHNCPLGWVMKCFTYFCACSRL,neg,3.5,87.79,7752,5.52496337891,364.49
MTQYLVTTFKDSTGRKHTHITKAKSNQRFTVVEAESKEEAKEKYEKQVKRDAVIKVGQLFENIRECGK,neg,6.0,76.67,9115,8.75006103516,1383.18
MTVKHLIVCYDVEKTKDRNKVIKVLEYYGLIRVQYSVFMGSLTETRLHQMNARIKREFTKPSIKILVIEVCNACMERALLVHEELPKVNRQFEVI,neg,6.5,137.52,12918,5.52496337891,1559.87
MVEIQKLVYVLILFLSIFLEMIVSNCTFIGFQDNPCKTDNDCRKVRGVNLRCRNGHCVMILQ,neg,2.5,90.19,8283,5.52496337891,685.31
MVKFKVVREFKDIEHNQHKYKVGELYPAEGYNNPRVELLTNQIKNKYDKVYIVPLDKLTKQELLELCESLQKKASSSMVKSEIIDLLNGEDNDD,neg,-1.0,125.9,12662,4.29937744141,1708.7
MVNRSVAFSAFVLILFVLAISDIASVSGFCPVGKTCATDRECGSCHCNNWKGKCEN,neg,1.5,71.75,6984,5.52496337891,530.03
MVQTPKLVYVIVLLLSIFLGMTICNSSFSHFFEGACKSDKDCPKLHRSNVRCRKGQCVQI,neg,6.0,83.74,7845,5.52496337891,689.11
MVRLVITYDIRKDKIRNKLFRLLERYGAWKQYSVFELEINPVHKVELFHSIADLIEDTDRVRIYDLCERCQGKITELGEVSPDKMQVVI,neg,1.0,132.21,12212,5.52496337891,1602.32
MVVIVYVIVAYDVNVERVNRVKKFLRRYLNWVQNSLFEGELSSADLEEVKMGLREIINEDEDMVVIYRFRSADAFKREVMGIEKGLGGEEVI,neg,-4.0,129.05,12356,5.52496337891,1514.84
MWITMTIVFAILLLVCISINSDRAREIQALRYMNDYLLDEVVKTKGYNGLKEYRIELKRMNNDIKK,neg,3.0,98.58,9030,8.75006103516,969.58
MYIVVVYDVGVERVNKVKKFLRMHLNWVQNSVFEGEVTLAEFERIKEGLKKIIDENSDSVIIYKLRSMPPRETLGIEKNPIEEII,neg,-0.5,128.35,11479,5.52496337891,1431.78
NLCEKASKTWSGNCGNTKHCDNQCRNWEGAEHGACHVRNGKHKCFCYFNC,neg,5.0,52.22,6567,5.51812744141,800.95
NLCEKASKTWSGNCGNTKHCDTQCRNWEGAKHGACHKRNGKWKCFCYFNC,neg,7.5,55.84,6631,5.51812744141,798.69
NLCEKASKTWSGNCGNTKHCDTQCRSWEGAKHGACHVRSGKHKCFCYFNC,neg,7.0,53.13,6499,5.51812744141,795.4
NLCEKASKTWTGNCGNTKHCDNQCRNWEGAAHGACHKRNGKWKCFCYFNC,neg,6.5,55.09,6601,5.51812744141,750.9
NLCEKASKTWTGNCGNTKHCDNQCRSWEGAAHGACHVRNGKHKCFCYFNC,neg,6.0,52.4,6496,5.51812744141,749.32
NLCERASKTWTGNCGNTKHCDTQCKNWEGAKHGACHVRSGKHKCFCYFNC,neg,7.0,53.15,6540,5.51812744141,797.1
NLCERASKTWTGNCGNTKHCDTQCKSWESAKHGACHVRSGKHKCFCYFNC,neg,7.0,53.1,6543,5.51812744141,797.06
NRMRRSADFETTVRVGLIIAKSVGSAVERHRVARRLRHVAGSIVKELDHVVIRALPSSRHVSSARLEQQLR,neg,11.0,80.56,9287,9.75006103516,1297.52
NRWYCNSAAGGVGGAAGCVLAGYVGEAKENIAGEVRKGWGMAGGFTHNKACKSFPGSGWASG,neg,3.5,66.18,7271,5.52496337891,543.92
PGDIPPGIRNTVCLMQQGHCRLFMCRSGERKGDICSDPWNRCCVPYSVKDRR,neg,4.5,69.09,6864,9.75006103516,773.12
PGYRWMCLRRFIIFLFILLLCLIFLLVLLDYQGMLPVCPLIPGSSTSTGPCRTCMTT,neg,3.0,97.3,7499,5.18499755859,298.16
PIRLSKEKINDLLQRSQGDLTSSQHEIVHFTDVFIAGSGPISCTYARHIIDNTSTTK,neg,1.5,67.01,7342,8.75006103516,770.96
QARQLLSGIVQQQNNLLRAIEAQQHALQATVWGIKQLQARILAVERYLKDQ,neg,3.5,58.17,6745,5.52496337891,556.34
QARQLLSGIVQQQNNLLRAIEAQQHLLQLTVWGIKQLQARILAVERYLKDQ,neg,3.5,60.77,6829,5.52496337891,557.24
QEIENGIHPCKKNEDCNHMCVMPGLPWCHENNLCFCYENAYGNTR,neg,-1.5,57.7,6043,9.75006103516,648.26
QKLCERPSRTWSGVCGNNNACKNQCINLEKARHGSCNYRFPAHKCICYFPC,neg,7.0,64.42,6744,5.51812744141,666.8
QKLCQRPSRTWSGVCGNSNACKNQCINLEKARHGSCNYRFPAHKCICYFPC,neg,8.0,63.73,6716,5.51812744141,618.71
QMINFRGCKRDKDCPQFRGVNIRCRSGFCTPIDS,neg,4.0,43.3,4539,5.24005126953,511.98
QVTPVMKCWGKSGRCRTTCKESEVYYILCKTEAKCCVDPKYVPVKPKLTDTNTSLESTSAV,neg,4.0,77.92,7878,5.49505615234,835.43
QVVRPGSCPNVDVPIPPLGLCRTTCQTDANCQEGRKCCKNGCGFMTCETARF,neg,2.0,60.36,6518,5.52496337891,542.2
RAVTLYLGAVAA,neg,1.0,15.25,1401,5.57000732422,56.43
RICSRDKNCVSRPGVGSIIGRPGGGSLIGRPGGGSVIGRPGGGSPPGGGSFNDEFIRDHSDGNRFA,neg,4.5,70.71,7742,5.57000732422,768.5
RINPKIYRS,neg,3.0,15.18,1289,5.24005126953,162.04
RIWVIWRK,neg,3.0,19.05,1281,8.75006103516,158.13
RKGGPPGGRTYIPCISDDDCIVAQPPYVLLCVNNFCTYFKDDDLPQR,neg,-1.0,69.11,6084,9.75006103516,541.05
RKRLKWWIY,neg,4.0,20.51,1491,5.52435302734,209.41
RMKQIEDKIEEIESKQKKIENEIARIKKLLQLTVWGIKQLQARILAVERYLK,neg,5.0,76.52,7202,8.75006103516,1077.23
RPVSCKDHYDCRRKVKIVGCIFPQEKPMCINSMCTCIREIVP,neg,4.5,65.96,5630,5.95501708984,671.9
RRAAVRLIVIRR,neg,5.0,18.2,1675,9.75006103516,261.01
RRAAVVLILIRR,neg,4.0,19.52,1632,9.75006103516,209.46
RRERNKMAAAKCRNRRR,neg,8.0,15.88,2458,9.75006103516,522.56
RRLRPRRPRLPRPRPRPRPRPRSLPLPRPQPRRIPRPILLPWRPPRPIPRPQPQPIPRWL,neg,20.0,114.73,8517,5.52496337891,1096.55
RRRWKIYKW,neg,5.0,19.19,1534,5.52496337891,260.96
RRWRGVVIRVRR,neg,6.0,17.73,1805,9.75006103516,314.64
RRWRIDVIRVRR,neg,5.0,19.57,1877,9.75006103516,355.36
RRWRIVVIKVRR,neg,6.0,21.57,1833,9.75006103516,312.29
RRWRIVVIRQRR,neg,6.0,18.91,1890,9.75006103516,318.19
RVPPYLGRDCKHWCRDNNQALYCCGPPGITYPPFIRKHPGKCPSVRSTCTGVRSSRPKFCPHDDACEFRSKCCYDACVKHHVCKTVEFY,neg,10.5,126.99,11798,5.52435302734,1395.95
RWCFRVCYRGICYRKCR,neg,6.0,29.07,2554,9.75006103516,321.29
RWIRVVQRWCRAIRHIWRRIRQGLRRWLRVV,neg,11.5,52.21,4716,5.49505615234,642.54
RWKLFKVWW,neg,3.0,22.35,1491,5.52496337891,158.23
SDDPKESEGDLHCVCVKTTSLVRPGHITNLELIKAGGHCPTANLIATKKNGRKLCLDLQAALYKKKIIKKLLES,neg,6.5,95.53,9373,5.24005126953,1212.67
SGISGPLSCGRNGGVCIPIRCPVPMRQIGTCFGRPVKCCRSW,neg,6.0,58.39,5183,5.52496337891,346.73
SIGNKGISFETCTAIEGLCFFGCKLGWVWIAYCNNIMSCCRKDTDFVLPQTKGI,neg,1.0,77.51,6931,5.52496337891,478.03
SLPWKWPWWPWRR,neg,3.0,32.56,2095,9.75006103516,170.86
SLQHICRMSIRRVMS,neg,3.5,18.83,2067,5.24005126953,221.34
SSLLEKGLDGAKKAVGGLGKLGKDAVEDLESVGKGAVHDVKDVLD,neg,-1.5,49.22,5306,4.29937744141,800.97
STPACAIGVVGITVAVTGISTACTSRCINK,neg,2.0,34.27,3413,8.75006103516,125.27
TFFRLFNRSFTQALGKGGGKNLRIIRKGIHIIKKY,neg,9.5,50.64,4687,5.52435302734,527.49
TKKNGRKLCLKLQAALYKK,neg,7.0,25.56,2526,8.75006103516,362.44
TRAKVHKFIYIMIVFLSIFHVVNSYVVMCEKDSDCVDSFCVPPNVPKCRVVCKCLPK,neg,5.0,94.96,7551,8.75006103516,716.8
TTPATTSSWTCITAGVTVSASLCPTTKCTSRC,neg,2.0,30.58,3791,5.51812744141,138.41
TTWEAWDRAIAEYAARIE,neg,-2.0,25.37,2456,4.59930419922,303.86
VIRRRRILAAVV,neg,4.0,19.22,1618,5.49505615234,209.14
VKSLLLIKVRSFIPCQRSDDCPRNLCVDQIIPTCVWAKCKCKNYND,neg,4.0,70.13,6132,4.29937744141,610.65
VRDGYIADDKNCAYFCGRNAYCDDECKKNGAESGYCQWAGVYGNACWCYKLPDKVPIRVPGKCNGG,neg,1.0,87.0,8443,5.52496337891,851.02
VRLRIRVYVIRA,neg,4.0,21.02,1710,5.57000732422,210.75
VRRLKKWIQKVIRLFGR,neg,7.0,29.44,2482,9.75006103516,363.94
VSDMLEIFLIGFGVYLFYRIAIIFLKSKKTIHTNIYEMLMLATIFMISTFAYKHQKTHILIAFLVMFFMSKLKQVQGSYEE,neg,4.5,133.71,11025,4.59930419922,850.26
VTCDLLSFGGVVGDSACAANCLSMGKAGGSCNGGICECRKTTFKELWDQRF,neg,0.0,55.5,6202,5.52496337891,512.05
VTQYLVTTFKDSTGLPHEHITVARDNQTFTVVEAESKEEAKEKYEARNVPVDGATNLNDIKSNIGIFHVEKVEPNEGMVDINIETMKPFEEADDD,neg,-10.5,111.98,12375,4.29937744141,1647.75
VYDSKYFQIASPCVNDKDCPQFKNNNVRCRRGFCVNSGGATQKCLGCPSLK,neg,5.0,61.84,6555,8.75006103516,580.77
WKIVGVFRV,neg,2.0,17.99,1246,5.49505615234,104.49
YGRKKRRQRRRPLAALPLVLAAPLAVLA,neg,8.0,41.26,3637,5.57000732422,423.84
YKQCHKKGGHCFPKEKICIPPSSDFGKMDCRWRWKCCKKGSG,neg,9.0,62.07,5622,5.52496337891,814.29
YKQCHKKGGHCFPKEKICIPPSSDFGKMDCRWRWKCCKKRSGK,neg,11.0,64.46,5867,8.75006103516,915.79
YLARIVVIRVAR,neg,3.0,21.04,1625,9.75006103516,158.75
YRIKKDSDFQRIYRLGISVSKKLGNAVLRNKIKRAIREAYRLNIDEKIDIIVIARVSSKDIDKQIQNSLE,neg,8.0,99.0,9450,4.59930419922,1299.31
